stage_id,order_id,stage_name,employee_id,start_time,end_time,process_minutes
1,1,Picking,5,2025-10-25 09:24:11,2025-10-25 09:46:11,22
2,1,Packing,8,2025-10-25 09:51:11,2025-10-25 10:16:11,25
3,1,Shipping,13,2025-10-25 10:18:11,2025-10-25 10:36:11,18
4,2,Picking,2,2025-10-25 18:49:22,2025-10-25 19:20:22,31
5,2,Packing,7,2025-10-25 19:26:22,2025-10-25 19:52:22,26
6,2,Shipping,14,2025-10-25 20:06:22,2025-10-25 20:42:22,36
7,3,Picking,12,2025-10-24 11:34:03,2025-10-24 11:40:03,6
8,3,Packing,10,2025-10-24 11:49:03,2025-10-24 12:18:03,29
9,3,Shipping,13,2025-10-24 12:33:03,2025-10-24 12:43:03,10
10,4,Picking,9,2025-10-24 05:08:24,2025-10-24 05:47:24,39
11,4,Packing,14,2025-10-24 05:56:24,2025-10-24 06:15:24,19
12,4,Shipping,16,2025-10-24 06:30:24,2025-10-24 06:54:24,24
13,5,Picking,19,2025-10-26 07:19:57,2025-10-26 07:34:57,15
14,5,Packing,19,2025-10-26 07:41:57,2025-10-26 07:54:57,13
15,5,Shipping,1,2025-10-26 07:54:57,2025-10-26 08:29:57,35
16,6,Picking,11,2025-10-21 14:30:52,2025-10-21 15:04:52,34
17,6,Packing,7,2025-10-21 15:06:52,2025-10-21 15:14:52,8
18,6,Shipping,15,2025-10-21 15:22:52,2025-10-21 15:56:52,34
19,7,Picking,18,2025-10-22 00:55:18,2025-10-22 01:26:18,31
20,7,Packing,2,2025-10-22 01:30:18,2025-10-22 01:40:18,10
21,7,Shipping,12,2025-10-22 01:55:18,2025-10-22 02:06:18,11
22,8,Picking,5,2025-10-23 06:44:16,2025-10-23 06:50:16,6
23,8,Packing,8,2025-10-23 06:53:16,2025-10-23 07:10:16,17
24,8,Shipping,5,2025-10-23 07:10:16,2025-10-23 07:59:16,49
25,9,Picking,20,2025-10-22 20:21:32,2025-10-22 20:39:32,18
26,9,Packing,20,2025-10-22 20:46:32,2025-10-22 21:07:32,21
27,9,Shipping,4,2025-10-22 21:18:32,2025-10-22 21:38:32,20
28,10,Picking,7,2025-10-23 22:04:54,2025-10-23 22:46:54,42
29,10,Packing,3,2025-10-23 22:46:54,2025-10-23 23:10:54,24
30,10,Shipping,19,2025-10-23 23:22:54,2025-10-23 23:57:54,35
31,11,Picking,18,2025-10-25 15:56:07,2025-10-25 16:20:07,24
32,11,Packing,14,2025-10-25 16:30:07,2025-10-25 16:42:07,12
33,11,Shipping,12,2025-10-25 16:43:07,2025-10-25 17:15:07,32
34,12,Picking,15,2025-10-22 22:31:13,2025-10-22 23:02:13,31
35,12,Packing,5,2025-10-22 23:09:13,2025-10-22 23:20:13,11
36,12,Shipping,14,2025-10-22 23:33:13,2025-10-23 00:06:13,33
37,13,Picking,19,2025-10-23 08:19:52,2025-10-23 08:58:52,39
38,13,Packing,9,2025-10-23 09:05:52,2025-10-23 09:39:52,34
39,13,Shipping,11,2025-10-23 09:52:52,2025-10-23 10:48:52,56
40,14,Picking,1,2025-10-25 12:42:58,2025-10-25 13:15:58,33
41,14,Packing,16,2025-10-25 13:18:58,2025-10-25 13:52:58,34
42,14,Shipping,11,2025-10-25 14:04:58,2025-10-25 14:35:58,31
43,15,Picking,1,2025-10-25 00:37:54,2025-10-25 00:58:54,21
44,15,Packing,17,2025-10-25 01:03:54,2025-10-25 01:25:54,22
45,15,Shipping,7,2025-10-25 01:33:54,2025-10-25 02:18:54,45
46,16,Picking,1,2025-10-23 17:20:44,2025-10-23 18:00:44,40
47,16,Packing,3,2025-10-23 18:03:44,2025-10-23 18:38:44,35
48,16,Shipping,10,2025-10-23 18:53:44,2025-10-23 19:31:44,38
49,17,Picking,18,2025-10-24 08:19:36,2025-10-24 09:01:36,42
50,17,Packing,11,2025-10-24 09:06:36,2025-10-24 09:41:36,35
51,17,Shipping,12,2025-10-24 09:52:36,2025-10-24 10:29:36,37
52,18,Picking,18,2025-10-24 19:57:31,2025-10-24 20:16:31,19
53,18,Packing,6,2025-10-24 20:17:31,2025-10-24 20:34:31,17
54,18,Shipping,7,2025-10-24 20:44:31,2025-10-24 21:01:31,17
55,19,Picking,10,2025-10-24 17:10:27,2025-10-24 17:52:27,42
56,19,Packing,8,2025-10-24 18:00:27,2025-10-24 18:23:27,23
57,19,Shipping,12,2025-10-24 18:26:27,2025-10-24 18:48:27,22
58,20,Picking,5,2025-10-23 13:16:59,2025-10-23 13:38:59,22
59,20,Packing,16,2025-10-23 13:38:59,2025-10-23 13:46:59,8
60,20,Shipping,4,2025-10-23 13:55:59,2025-10-23 14:49:59,54
61,21,Picking,9,2025-10-24 01:33:18,2025-10-24 02:08:18,35
62,21,Packing,16,2025-10-24 02:15:18,2025-10-24 02:41:18,26
63,21,Shipping,4,2025-10-24 02:46:18,2025-10-24 02:59:18,13
64,22,Picking,19,2025-10-25 23:47:16,2025-10-26 00:28:16,41
65,22,Packing,10,2025-10-26 00:38:16,2025-10-26 00:46:16,8
66,22,Shipping,3,2025-10-26 00:50:16,2025-10-26 01:09:16,19
67,23,Picking,15,2025-10-24 20:02:34,2025-10-24 20:33:34,31
68,23,Packing,10,2025-10-24 20:42:34,2025-10-24 21:01:34,19
69,23,Shipping,19,2025-10-24 21:13:34,2025-10-24 21:51:34,38
70,24,Picking,7,2025-10-23 11:54:41,2025-10-23 12:02:41,8
71,24,Packing,9,2025-10-23 12:11:41,2025-10-23 12:22:41,11
72,24,Shipping,3,2025-10-23 12:28:41,2025-10-23 13:18:41,50
73,25,Picking,20,2025-10-23 14:23:22,2025-10-23 14:38:22,15
74,25,Packing,16,2025-10-23 14:38:22,2025-10-23 15:09:22,31
75,25,Shipping,10,2025-10-23 15:23:22,2025-10-23 16:17:22,54
76,26,Picking,19,2025-10-25 18:10:50,2025-10-25 18:44:50,34
77,26,Packing,7,2025-10-25 18:45:50,2025-10-25 19:04:50,19
78,26,Shipping,14,2025-10-25 19:12:50,2025-10-25 20:12:50,60
79,27,Picking,10,2025-10-24 06:08:05,2025-10-24 06:30:05,22
80,27,Packing,20,2025-10-24 06:32:05,2025-10-24 06:41:05,9
81,27,Shipping,19,2025-10-24 06:42:05,2025-10-24 07:02:05,20
82,28,Picking,3,2025-10-23 03:01:30,2025-10-23 03:25:30,24
83,28,Packing,20,2025-10-23 03:31:30,2025-10-23 03:53:30,22
84,28,Shipping,2,2025-10-23 04:08:30,2025-10-23 04:46:30,38
85,29,Picking,19,2025-10-23 08:22:30,2025-10-23 08:43:30,21
86,29,Packing,19,2025-10-23 08:43:30,2025-10-23 08:53:30,10
87,29,Shipping,1,2025-10-23 09:00:30,2025-10-23 09:53:30,53
88,30,Picking,6,2025-10-23 00:17:59,2025-10-23 00:24:59,7
89,30,Packing,19,2025-10-23 00:26:59,2025-10-23 01:01:59,35
90,30,Shipping,14,2025-10-23 01:15:59,2025-10-23 01:42:59,27
91,31,Picking,4,2025-10-22 21:09:40,2025-10-22 21:36:40,27
92,31,Packing,6,2025-10-22 21:42:40,2025-10-22 22:08:40,26
93,31,Shipping,11,2025-10-22 22:18:40,2025-10-22 23:10:40,52
94,32,Picking,11,2025-10-22 05:21:30,2025-10-22 05:51:30,30
95,32,Packing,9,2025-10-22 05:59:30,2025-10-22 06:06:30,7
96,32,Shipping,11,2025-10-22 06:20:30,2025-10-22 06:35:30,15
97,33,Picking,2,2025-10-25 21:02:52,2025-10-25 21:39:52,37
98,33,Packing,7,2025-10-25 21:39:52,2025-10-25 22:18:52,39
99,33,Shipping,17,2025-10-25 22:32:52,2025-10-25 23:08:52,36
100,34,Picking,5,2025-10-22 15:48:01,2025-10-22 16:21:01,33
101,34,Packing,10,2025-10-22 16:21:01,2025-10-22 16:39:01,18
102,34,Shipping,15,2025-10-22 16:47:01,2025-10-22 17:32:01,45
103,35,Picking,18,2025-10-23 09:03:30,2025-10-23 09:48:30,45
104,35,Packing,1,2025-10-23 09:57:30,2025-10-23 10:17:30,20
105,35,Shipping,18,2025-10-23 10:22:30,2025-10-23 10:51:30,29
106,36,Picking,10,2025-10-22 04:58:53,2025-10-22 05:10:53,12
107,36,Packing,17,2025-10-22 05:20:53,2025-10-22 05:34:53,14
108,36,Shipping,9,2025-10-22 05:49:53,2025-10-22 06:44:53,55
109,37,Picking,20,2025-10-25 23:31:35,2025-10-26 00:05:35,34
110,37,Packing,17,2025-10-26 00:13:35,2025-10-26 00:27:35,14
111,37,Shipping,5,2025-10-26 00:39:35,2025-10-26 01:01:35,22
112,38,Picking,10,2025-10-24 17:28:39,2025-10-24 18:05:39,37
113,38,Packing,19,2025-10-24 18:09:39,2025-10-24 18:14:39,5
114,38,Shipping,19,2025-10-24 18:23:39,2025-10-24 19:19:39,56
115,39,Picking,18,2025-10-26 02:33:18,2025-10-26 03:12:18,39
116,39,Packing,13,2025-10-26 03:19:18,2025-10-26 03:46:18,27
117,39,Shipping,15,2025-10-26 03:56:18,2025-10-26 04:41:18,45
118,40,Picking,16,2025-10-25 16:11:56,2025-10-25 16:40:56,29
119,40,Packing,13,2025-10-25 16:43:56,2025-10-25 17:14:56,31
120,40,Shipping,13,2025-10-25 17:15:56,2025-10-25 17:45:56,30
121,41,Picking,15,2025-10-22 14:34:03,2025-10-22 14:41:03,7
122,41,Packing,4,2025-10-22 14:43:03,2025-10-22 15:20:03,37
123,41,Shipping,17,2025-10-22 15:30:03,2025-10-22 15:46:03,16
124,42,Picking,20,2025-10-22 15:24:54,2025-10-22 15:38:54,14
125,42,Packing,13,2025-10-22 15:39:54,2025-10-22 16:14:54,35
126,42,Shipping,3,2025-10-22 16:22:54,2025-10-22 16:53:54,31
127,43,Picking,3,2025-10-22 18:59:59,2025-10-22 19:24:59,25
128,43,Packing,8,2025-10-22 19:34:59,2025-10-22 20:10:59,36
129,43,Shipping,10,2025-10-22 20:11:59,2025-10-22 21:00:59,49
130,44,Picking,10,2025-10-25 23:06:13,2025-10-25 23:17:13,11
131,44,Packing,1,2025-10-25 23:27:13,2025-10-25 23:38:13,11
132,44,Shipping,2,2025-10-25 23:52:13,2025-10-26 00:12:13,20
133,45,Picking,14,2025-10-24 09:58:11,2025-10-24 10:26:11,28
134,45,Packing,19,2025-10-24 10:32:11,2025-10-24 10:46:11,14
135,45,Shipping,6,2025-10-24 10:53:11,2025-10-24 11:36:11,43
136,46,Picking,5,2025-10-23 04:16:17,2025-10-23 04:45:17,29
137,46,Packing,8,2025-10-23 04:54:17,2025-10-23 05:14:17,20
138,46,Shipping,15,2025-10-23 05:29:17,2025-10-23 06:16:17,47
139,47,Picking,15,2025-10-25 21:18:43,2025-10-25 21:23:43,5
140,47,Packing,12,2025-10-25 21:30:43,2025-10-25 21:53:43,23
141,47,Shipping,19,2025-10-25 21:58:43,2025-10-25 22:12:43,14
142,48,Picking,8,2025-10-25 01:26:05,2025-10-25 01:50:05,24
143,48,Packing,13,2025-10-25 01:53:05,2025-10-25 02:22:05,29
144,48,Shipping,19,2025-10-25 02:37:05,2025-10-25 02:53:05,16
145,49,Picking,16,2025-10-26 01:48:59,2025-10-26 02:18:59,30
146,49,Packing,10,2025-10-26 02:22:59,2025-10-26 02:27:59,5
147,49,Shipping,8,2025-10-26 02:28:59,2025-10-26 03:16:59,48
148,50,Picking,4,2025-10-24 16:09:32,2025-10-24 16:26:32,17
149,50,Packing,2,2025-10-24 16:35:32,2025-10-24 16:56:32,21
150,50,Shipping,10,2025-10-24 17:00:32,2025-10-24 17:50:32,50
151,51,Picking,14,2025-10-25 02:23:02,2025-10-25 02:36:02,13
152,51,Packing,6,2025-10-25 02:37:02,2025-10-25 03:00:02,23
153,51,Shipping,7,2025-10-25 03:10:02,2025-10-25 04:07:02,57
154,52,Picking,10,2025-10-23 04:51:04,2025-10-23 05:28:04,37
155,52,Packing,11,2025-10-23 05:32:04,2025-10-23 05:47:04,15
156,52,Shipping,4,2025-10-23 05:55:04,2025-10-23 06:35:04,40
157,53,Picking,13,2025-10-22 02:31:36,2025-10-22 02:50:36,19
158,53,Packing,1,2025-10-22 03:00:36,2025-10-22 03:30:36,30
159,53,Shipping,9,2025-10-22 03:41:36,2025-10-22 03:56:36,15
160,54,Picking,8,2025-10-22 16:04:25,2025-10-22 16:25:25,21
161,54,Packing,16,2025-10-22 16:34:25,2025-10-22 17:03:25,29
162,54,Shipping,1,2025-10-22 17:14:25,2025-10-22 17:30:25,16
163,55,Picking,10,2025-10-23 07:11:50,2025-10-23 07:55:50,44
164,55,Packing,14,2025-10-23 07:58:50,2025-10-23 08:07:50,9
165,55,Shipping,4,2025-10-23 08:21:50,2025-10-23 09:15:50,54
166,56,Picking,15,2025-10-22 20:43:58,2025-10-22 20:55:58,12
167,56,Packing,12,2025-10-22 20:56:58,2025-10-22 21:16:58,20
168,56,Shipping,18,2025-10-22 21:20:58,2025-10-22 21:54:58,34
169,57,Picking,14,2025-10-23 16:34:37,2025-10-23 17:05:37,31
170,57,Packing,9,2025-10-23 17:15:37,2025-10-23 17:26:37,11
171,57,Shipping,2,2025-10-23 17:41:37,2025-10-23 18:30:37,49
172,58,Picking,12,2025-10-22 13:41:11,2025-10-22 14:01:11,20
173,58,Packing,2,2025-10-22 14:06:11,2025-10-22 14:17:11,11
174,58,Shipping,13,2025-10-22 14:28:11,2025-10-22 15:12:11,44
175,59,Picking,11,2025-10-23 07:11:27,2025-10-23 07:29:27,18
176,59,Packing,8,2025-10-23 07:39:27,2025-10-23 07:45:27,6
177,59,Shipping,5,2025-10-23 07:46:27,2025-10-23 08:46:27,60
178,60,Picking,5,2025-10-21 14:01:49,2025-10-21 14:41:49,40
179,60,Packing,20,2025-10-21 14:44:49,2025-10-21 15:02:49,18
180,60,Shipping,1,2025-10-21 15:09:49,2025-10-21 15:40:49,31
181,61,Picking,1,2025-10-25 18:45:57,2025-10-25 19:06:57,21
182,61,Packing,12,2025-10-25 19:08:57,2025-10-25 19:20:57,12
183,61,Shipping,8,2025-10-25 19:20:57,2025-10-25 19:38:57,18
184,62,Picking,3,2025-10-24 17:08:32,2025-10-24 17:16:32,8
185,62,Packing,16,2025-10-24 17:18:32,2025-10-24 17:49:32,31
186,62,Shipping,15,2025-10-24 17:52:32,2025-10-24 18:49:32,57
187,63,Picking,17,2025-10-22 05:37:17,2025-10-22 06:10:17,33
188,63,Packing,10,2025-10-22 06:18:17,2025-10-22 06:37:17,19
189,63,Shipping,15,2025-10-22 06:38:17,2025-10-22 07:34:17,56
190,64,Picking,15,2025-10-23 03:32:10,2025-10-23 04:02:10,30
191,64,Packing,3,2025-10-23 04:08:10,2025-10-23 04:19:10,11
192,64,Shipping,3,2025-10-23 04:34:10,2025-10-23 05:29:10,55
193,65,Picking,20,2025-10-21 17:50:55,2025-10-21 18:12:55,22
194,65,Packing,17,2025-10-21 18:21:55,2025-10-21 19:01:55,40
195,65,Shipping,10,2025-10-21 19:11:55,2025-10-21 19:45:55,34
196,66,Picking,15,2025-10-21 19:07:39,2025-10-21 19:19:39,12
197,66,Packing,8,2025-10-21 19:29:39,2025-10-21 20:09:39,40
198,66,Shipping,14,2025-10-21 20:15:39,2025-10-21 20:52:39,37
199,67,Picking,9,2025-10-24 20:06:31,2025-10-24 20:17:31,11
200,67,Packing,12,2025-10-24 20:22:31,2025-10-24 20:54:31,32
201,67,Shipping,5,2025-10-24 21:04:31,2025-10-24 21:56:31,52
202,68,Picking,12,2025-10-23 05:42:55,2025-10-23 05:52:55,10
203,68,Packing,5,2025-10-23 05:53:55,2025-10-23 06:25:55,32
204,68,Shipping,18,2025-10-23 06:28:55,2025-10-23 07:25:55,57
205,69,Picking,2,2025-10-25 17:00:19,2025-10-25 17:12:19,12
206,69,Packing,10,2025-10-25 17:18:19,2025-10-25 17:45:19,27
207,69,Shipping,20,2025-10-25 17:58:19,2025-10-25 18:54:19,56
208,70,Picking,12,2025-10-22 06:00:38,2025-10-22 06:18:38,18
209,70,Packing,18,2025-10-22 06:20:38,2025-10-22 06:55:38,35
210,70,Shipping,12,2025-10-22 07:02:38,2025-10-22 07:18:38,16
211,71,Picking,9,2025-10-25 08:12:59,2025-10-25 08:44:59,32
212,71,Packing,1,2025-10-25 08:52:59,2025-10-25 09:32:59,40
213,71,Shipping,6,2025-10-25 09:32:59,2025-10-25 10:20:59,48
214,72,Picking,19,2025-10-26 01:41:11,2025-10-26 02:07:11,26
215,72,Packing,13,2025-10-26 02:12:11,2025-10-26 02:17:11,5
216,72,Shipping,3,2025-10-26 02:22:11,2025-10-26 02:41:11,19
217,73,Picking,11,2025-10-24 10:39:33,2025-10-24 11:17:33,38
218,73,Packing,6,2025-10-24 11:20:33,2025-10-24 11:49:33,29
219,73,Shipping,12,2025-10-24 12:02:33,2025-10-24 12:41:33,39
220,74,Picking,20,2025-10-22 02:39:37,2025-10-22 02:49:37,10
221,74,Packing,2,2025-10-22 02:49:37,2025-10-22 03:03:37,14
222,74,Shipping,3,2025-10-22 03:08:37,2025-10-22 04:06:37,58
223,75,Picking,17,2025-10-21 13:23:22,2025-10-21 14:06:22,43
224,75,Packing,4,2025-10-21 14:13:22,2025-10-21 14:44:22,31
225,75,Shipping,12,2025-10-21 14:52:22,2025-10-21 15:15:22,23
226,76,Picking,13,2025-10-24 23:12:26,2025-10-24 23:50:26,38
227,76,Packing,20,2025-10-25 00:00:26,2025-10-25 00:24:26,24
228,76,Shipping,2,2025-10-25 00:25:26,2025-10-25 00:49:26,24
229,77,Picking,1,2025-10-23 05:18:47,2025-10-23 05:31:47,13
230,77,Packing,16,2025-10-23 05:35:47,2025-10-23 05:58:47,23
231,77,Shipping,14,2025-10-23 06:08:47,2025-10-23 06:25:47,17
232,78,Picking,13,2025-10-24 08:11:51,2025-10-24 08:30:51,19
233,78,Packing,2,2025-10-24 08:38:51,2025-10-24 09:18:51,40
234,78,Shipping,14,2025-10-24 09:29:51,2025-10-24 09:43:51,14
235,79,Picking,4,2025-10-24 09:24:16,2025-10-24 09:56:16,32
236,79,Packing,13,2025-10-24 10:05:16,2025-10-24 10:35:16,30
237,79,Shipping,1,2025-10-24 10:48:16,2025-10-24 11:16:16,28
238,80,Picking,14,2025-10-24 03:43:04,2025-10-24 04:11:04,28
239,80,Packing,19,2025-10-24 04:12:04,2025-10-24 04:44:04,32
240,80,Shipping,13,2025-10-24 04:47:04,2025-10-24 05:12:04,25
241,81,Picking,17,2025-10-23 13:29:20,2025-10-23 13:55:20,26
242,81,Packing,4,2025-10-23 13:58:20,2025-10-23 14:24:20,26
243,81,Shipping,17,2025-10-23 14:29:20,2025-10-23 14:43:20,14
244,82,Picking,7,2025-10-22 14:18:11,2025-10-22 14:32:11,14
245,82,Packing,6,2025-10-22 14:35:11,2025-10-22 14:46:11,11
246,82,Shipping,20,2025-10-22 14:50:11,2025-10-22 15:16:11,26
247,83,Picking,19,2025-10-21 18:45:08,2025-10-21 19:30:08,45
248,83,Packing,20,2025-10-21 19:37:08,2025-10-21 20:11:08,34
249,83,Shipping,11,2025-10-21 20:25:08,2025-10-21 21:18:08,53
250,84,Picking,10,2025-10-23 00:00:23,2025-10-23 00:33:23,33
251,84,Packing,9,2025-10-23 00:34:23,2025-10-23 01:09:23,35
252,84,Shipping,19,2025-10-23 01:23:23,2025-10-23 02:13:23,50
253,85,Picking,10,2025-10-24 08:58:39,2025-10-24 09:32:39,34
254,85,Packing,3,2025-10-24 09:39:39,2025-10-24 09:46:39,7
255,85,Shipping,3,2025-10-24 09:47:39,2025-10-24 10:20:39,33
256,86,Picking,7,2025-10-22 04:11:06,2025-10-22 04:53:06,42
257,86,Packing,11,2025-10-22 05:01:06,2025-10-22 05:08:06,7
258,86,Shipping,20,2025-10-22 05:22:06,2025-10-22 06:08:06,46
259,87,Picking,8,2025-10-26 11:16:57,2025-10-26 11:27:57,11
260,87,Packing,15,2025-10-26 11:32:57,2025-10-26 11:42:57,10
261,87,Shipping,15,2025-10-26 11:47:57,2025-10-26 11:59:57,12
262,88,Picking,11,2025-10-21 20:59:10,2025-10-21 21:27:10,28
263,88,Packing,20,2025-10-21 21:31:10,2025-10-21 22:00:10,29
264,88,Shipping,2,2025-10-21 22:13:10,2025-10-21 23:12:10,59
265,89,Picking,9,2025-10-23 21:30:38,2025-10-23 21:56:38,26
266,89,Packing,20,2025-10-23 21:57:38,2025-10-23 22:37:38,40
267,89,Shipping,5,2025-10-23 22:49:38,2025-10-23 23:17:38,28
268,90,Picking,3,2025-10-24 11:40:08,2025-10-24 12:07:08,27
269,90,Packing,10,2025-10-24 12:11:08,2025-10-24 12:41:08,30
270,90,Shipping,18,2025-10-24 12:45:08,2025-10-24 13:33:08,48
271,91,Picking,12,2025-10-21 22:34:32,2025-10-21 23:12:32,38
272,91,Packing,10,2025-10-21 23:13:32,2025-10-21 23:45:32,32
273,91,Shipping,6,2025-10-21 23:56:32,2025-10-22 00:07:32,11
274,92,Picking,4,2025-10-24 23:19:17,2025-10-24 23:38:17,19
275,92,Packing,17,2025-10-24 23:40:17,2025-10-24 23:54:17,14
276,92,Shipping,18,2025-10-24 23:56:17,2025-10-25 00:24:17,28
277,93,Picking,6,2025-10-25 07:27:22,2025-10-25 07:53:22,26
278,93,Packing,6,2025-10-25 08:02:22,2025-10-25 08:15:22,13
279,93,Shipping,20,2025-10-25 08:27:22,2025-10-25 08:46:22,19
280,94,Picking,10,2025-10-25 15:05:30,2025-10-25 15:36:30,31
281,94,Packing,15,2025-10-25 15:41:30,2025-10-25 16:01:30,20
282,94,Shipping,8,2025-10-25 16:15:30,2025-10-25 17:04:30,49
283,95,Picking,10,2025-10-21 19:50:38,2025-10-21 20:07:38,17
284,95,Packing,13,2025-10-21 20:12:38,2025-10-21 20:45:38,33
285,95,Shipping,17,2025-10-21 20:59:38,2025-10-21 21:58:38,59
286,96,Picking,16,2025-10-22 10:02:00,2025-10-22 10:45:00,43
287,96,Packing,12,2025-10-22 10:47:00,2025-10-22 11:08:00,21
288,96,Shipping,18,2025-10-22 11:09:00,2025-10-22 12:00:00,51
289,97,Picking,15,2025-10-22 09:42:54,2025-10-22 09:54:54,12
290,97,Packing,17,2025-10-22 09:58:54,2025-10-22 10:08:54,10
291,97,Shipping,5,2025-10-22 10:13:54,2025-10-22 10:40:54,27
292,98,Picking,13,2025-10-26 10:05:04,2025-10-26 10:38:04,33
293,98,Packing,17,2025-10-26 10:43:04,2025-10-26 10:49:04,6
294,98,Shipping,12,2025-10-26 11:02:04,2025-10-26 11:15:04,13
295,99,Picking,5,2025-10-24 21:17:22,2025-10-24 21:23:22,6
296,99,Packing,5,2025-10-24 21:28:22,2025-10-24 21:39:22,11
297,99,Shipping,2,2025-10-24 21:49:22,2025-10-24 22:49:22,60
298,100,Picking,9,2025-10-23 08:08:09,2025-10-23 08:43:09,35
299,100,Packing,7,2025-10-23 08:50:09,2025-10-23 08:55:09,5
300,100,Shipping,5,2025-10-23 08:57:09,2025-10-23 09:08:09,11
301,101,Picking,4,2025-10-22 00:02:31,2025-10-22 00:34:31,32
302,101,Packing,2,2025-10-22 00:35:31,2025-10-22 00:58:31,23
303,101,Shipping,8,2025-10-22 01:05:31,2025-10-22 01:34:31,29
304,102,Picking,17,2025-10-22 23:17:55,2025-10-22 23:29:55,12
305,102,Packing,19,2025-10-22 23:36:55,2025-10-23 00:15:55,39
306,102,Shipping,8,2025-10-23 00:15:55,2025-10-23 01:05:55,50
307,103,Picking,3,2025-10-22 04:20:14,2025-10-22 05:04:14,44
308,103,Packing,17,2025-10-22 05:09:14,2025-10-22 05:29:14,20
309,103,Shipping,12,2025-10-22 05:42:14,2025-10-22 06:03:14,21
310,104,Picking,2,2025-10-24 20:53:42,2025-10-24 21:30:42,37
311,104,Packing,13,2025-10-24 21:38:42,2025-10-24 21:44:42,6
312,104,Shipping,12,2025-10-24 21:56:42,2025-10-24 22:36:42,40
313,105,Picking,19,2025-10-26 03:15:00,2025-10-26 03:24:00,9
314,105,Packing,11,2025-10-26 03:29:00,2025-10-26 03:49:00,20
315,105,Shipping,5,2025-10-26 03:52:00,2025-10-26 04:51:00,59
316,106,Picking,6,2025-10-24 00:33:47,2025-10-24 00:49:47,16
317,106,Packing,5,2025-10-24 00:59:47,2025-10-24 01:33:47,34
318,106,Shipping,3,2025-10-24 01:48:47,2025-10-24 02:38:47,50
319,107,Picking,10,2025-10-25 03:41:17,2025-10-25 03:58:17,17
320,107,Packing,17,2025-10-25 03:58:17,2025-10-25 04:15:17,17
321,107,Shipping,13,2025-10-25 04:16:17,2025-10-25 04:46:17,30
322,108,Picking,2,2025-10-25 02:10:14,2025-10-25 02:17:14,7
323,108,Packing,11,2025-10-25 02:27:14,2025-10-25 02:44:14,17
324,108,Shipping,9,2025-10-25 02:53:14,2025-10-25 03:25:14,32
325,109,Picking,16,2025-10-26 07:10:47,2025-10-26 07:40:47,30
326,109,Packing,16,2025-10-26 07:47:47,2025-10-26 08:16:47,29
327,109,Shipping,12,2025-10-26 08:26:47,2025-10-26 08:47:47,21
328,110,Picking,6,2025-10-25 06:00:01,2025-10-25 06:10:01,10
329,110,Packing,18,2025-10-25 06:16:01,2025-10-25 06:26:01,10
330,110,Shipping,10,2025-10-25 06:39:01,2025-10-25 07:27:01,48
331,111,Picking,15,2025-10-22 20:39:17,2025-10-22 21:02:17,23
332,111,Packing,12,2025-10-22 21:06:17,2025-10-22 21:39:17,33
333,111,Shipping,15,2025-10-22 21:52:17,2025-10-22 22:12:17,20
334,112,Picking,13,2025-10-26 04:30:18,2025-10-26 04:52:18,22
335,112,Packing,12,2025-10-26 05:02:18,2025-10-26 05:10:18,8
336,112,Shipping,17,2025-10-26 05:12:18,2025-10-26 06:04:18,52
337,113,Picking,3,2025-10-24 16:11:30,2025-10-24 16:17:30,6
338,113,Packing,8,2025-10-24 16:19:30,2025-10-24 16:52:30,33
339,113,Shipping,12,2025-10-24 16:53:30,2025-10-24 17:11:30,18
340,114,Picking,15,2025-10-23 19:06:59,2025-10-23 19:20:59,14
341,114,Packing,3,2025-10-23 19:30:59,2025-10-23 20:03:59,33
342,114,Shipping,19,2025-10-23 20:14:59,2025-10-23 20:47:59,33
343,115,Picking,6,2025-10-24 05:01:51,2025-10-24 05:23:51,22
344,115,Packing,16,2025-10-24 05:26:51,2025-10-24 05:38:51,12
345,115,Shipping,17,2025-10-24 05:38:51,2025-10-24 06:35:51,57
346,116,Picking,16,2025-10-24 03:49:45,2025-10-24 04:10:45,21
347,116,Packing,7,2025-10-24 04:17:45,2025-10-24 04:35:45,18
348,116,Shipping,4,2025-10-24 04:44:45,2025-10-24 05:38:45,54
349,117,Picking,3,2025-10-23 06:34:30,2025-10-23 07:07:30,33
350,117,Packing,18,2025-10-23 07:08:30,2025-10-23 07:33:30,25
351,117,Shipping,18,2025-10-23 07:44:30,2025-10-23 08:39:30,55
352,118,Picking,7,2025-10-25 01:32:48,2025-10-25 02:17:48,45
353,118,Packing,5,2025-10-25 02:19:48,2025-10-25 02:47:48,28
354,118,Shipping,8,2025-10-25 02:54:48,2025-10-25 03:11:48,17
355,119,Picking,3,2025-10-24 02:07:22,2025-10-24 02:48:22,41
356,119,Packing,3,2025-10-24 02:53:22,2025-10-24 03:27:22,34
357,119,Shipping,10,2025-10-24 03:31:22,2025-10-24 04:20:22,49
358,120,Picking,3,2025-10-23 08:06:39,2025-10-23 08:37:39,31
359,120,Packing,15,2025-10-23 08:43:39,2025-10-23 08:52:39,9
360,120,Shipping,15,2025-10-23 08:56:39,2025-10-23 09:26:39,30
361,121,Picking,17,2025-10-24 22:49:57,2025-10-24 23:29:57,40
362,121,Packing,2,2025-10-24 23:39:57,2025-10-24 23:55:57,16
363,121,Shipping,4,2025-10-24 23:59:57,2025-10-25 00:36:57,37
364,122,Picking,9,2025-10-25 05:41:49,2025-10-25 06:06:49,25
365,122,Packing,7,2025-10-25 06:09:49,2025-10-25 06:36:49,27
366,122,Shipping,18,2025-10-25 06:45:49,2025-10-25 07:00:49,15
367,123,Picking,19,2025-10-21 20:30:30,2025-10-21 21:09:30,39
368,123,Packing,5,2025-10-21 21:10:30,2025-10-21 21:47:30,37
369,123,Shipping,6,2025-10-21 21:52:30,2025-10-21 22:39:30,47
370,124,Picking,19,2025-10-25 04:13:14,2025-10-25 04:54:14,41
371,124,Packing,9,2025-10-25 04:54:14,2025-10-25 05:00:14,6
372,124,Shipping,7,2025-10-25 05:02:14,2025-10-25 05:14:14,12
373,125,Picking,10,2025-10-25 23:32:11,2025-10-25 23:38:11,6
374,125,Packing,16,2025-10-25 23:45:11,2025-10-26 00:24:11,39
375,125,Shipping,8,2025-10-26 00:33:11,2025-10-26 01:24:11,51
376,126,Picking,14,2025-10-22 01:51:18,2025-10-22 02:25:18,34
377,126,Packing,16,2025-10-22 02:26:18,2025-10-22 02:34:18,8
378,126,Shipping,15,2025-10-22 02:39:18,2025-10-22 03:17:18,38
379,127,Picking,12,2025-10-26 02:30:05,2025-10-26 02:55:05,25
380,127,Packing,17,2025-10-26 03:00:05,2025-10-26 03:30:05,30
381,127,Shipping,18,2025-10-26 03:34:05,2025-10-26 04:32:05,58
382,128,Picking,2,2025-10-22 17:27:52,2025-10-22 17:49:52,22
383,128,Packing,10,2025-10-22 17:56:52,2025-10-22 18:16:52,20
384,128,Shipping,13,2025-10-22 18:20:52,2025-10-22 18:36:52,16
385,129,Picking,6,2025-10-25 07:06:02,2025-10-25 07:21:02,15
386,129,Packing,16,2025-10-25 07:26:02,2025-10-25 07:51:02,25
387,129,Shipping,17,2025-10-25 07:57:02,2025-10-25 08:55:02,58
388,130,Picking,7,2025-10-22 17:50:09,2025-10-22 18:00:09,10
389,130,Packing,19,2025-10-22 18:06:09,2025-10-22 18:43:09,37
390,130,Shipping,12,2025-10-22 18:57:09,2025-10-22 19:22:09,25
391,131,Picking,14,2025-10-23 02:15:42,2025-10-23 02:50:42,35
392,131,Packing,5,2025-10-23 02:54:42,2025-10-23 03:33:42,39
393,131,Shipping,9,2025-10-23 03:33:42,2025-10-23 03:49:42,16
394,132,Picking,18,2025-10-25 11:39:06,2025-10-25 11:46:06,7
395,132,Packing,10,2025-10-25 11:52:06,2025-10-25 12:00:06,8
396,132,Shipping,3,2025-10-25 12:06:06,2025-10-25 12:39:06,33
397,133,Picking,13,2025-10-21 23:11:37,2025-10-21 23:55:37,44
398,133,Packing,12,2025-10-22 00:05:37,2025-10-22 00:17:37,12
399,133,Shipping,11,2025-10-22 00:21:37,2025-10-22 00:37:37,16
400,134,Picking,2,2025-10-22 10:09:35,2025-10-22 10:52:35,43
401,134,Packing,5,2025-10-22 11:00:35,2025-10-22 11:30:35,30
402,134,Shipping,11,2025-10-22 11:31:35,2025-10-22 11:43:35,12
403,135,Picking,11,2025-10-22 22:10:10,2025-10-22 22:53:10,43
404,135,Packing,6,2025-10-22 23:01:10,2025-10-22 23:14:10,13
405,135,Shipping,13,2025-10-22 23:24:10,2025-10-23 00:13:10,49
406,136,Picking,19,2025-10-22 13:01:00,2025-10-22 13:27:00,26
407,136,Packing,10,2025-10-22 13:35:00,2025-10-22 14:12:00,37
408,136,Shipping,16,2025-10-22 14:27:00,2025-10-22 15:22:00,55
409,137,Picking,16,2025-10-24 20:11:34,2025-10-24 20:23:34,12
410,137,Packing,9,2025-10-24 20:29:34,2025-10-24 20:53:34,24
411,137,Shipping,19,2025-10-24 20:53:34,2025-10-24 21:41:34,48
412,138,Picking,8,2025-10-21 22:38:07,2025-10-21 23:13:07,35
413,138,Packing,2,2025-10-21 23:15:07,2025-10-21 23:53:07,38
414,138,Shipping,19,2025-10-22 00:05:07,2025-10-22 00:24:07,19
415,139,Picking,7,2025-10-22 09:54:00,2025-10-22 10:27:00,33
416,139,Packing,14,2025-10-22 10:32:00,2025-10-22 11:03:00,31
417,139,Shipping,17,2025-10-22 11:07:00,2025-10-22 11:43:00,36
418,140,Picking,16,2025-10-21 12:13:34,2025-10-21 12:26:34,13
419,140,Packing,17,2025-10-21 12:34:34,2025-10-21 12:52:34,18
420,140,Shipping,13,2025-10-21 13:02:34,2025-10-21 13:54:34,52
421,141,Picking,9,2025-10-23 23:32:52,2025-10-24 00:11:52,39
422,141,Packing,20,2025-10-24 00:16:52,2025-10-24 00:55:52,39
423,141,Shipping,16,2025-10-24 01:06:52,2025-10-24 01:59:52,53
424,142,Picking,7,2025-10-24 05:16:45,2025-10-24 05:40:45,24
425,142,Packing,16,2025-10-24 05:43:45,2025-10-24 06:07:45,24
426,142,Shipping,11,2025-10-24 06:16:45,2025-10-24 07:11:45,55
427,143,Picking,12,2025-10-25 15:47:01,2025-10-25 15:59:01,12
428,143,Packing,5,2025-10-25 16:08:01,2025-10-25 16:47:01,39
429,143,Shipping,10,2025-10-25 16:59:01,2025-10-25 17:34:01,35
430,144,Picking,7,2025-10-25 01:56:00,2025-10-25 02:29:00,33
431,144,Packing,18,2025-10-25 02:39:00,2025-10-25 03:00:00,21
432,144,Shipping,9,2025-10-25 03:15:00,2025-10-25 03:38:00,23
433,145,Picking,17,2025-10-24 07:39:21,2025-10-24 07:50:21,11
434,145,Packing,8,2025-10-24 07:59:21,2025-10-24 08:19:21,20
435,145,Shipping,8,2025-10-24 08:26:21,2025-10-24 08:39:21,13
436,146,Picking,6,2025-10-23 06:15:15,2025-10-23 06:50:15,35
437,146,Packing,14,2025-10-23 06:51:15,2025-10-23 07:04:15,13
438,146,Shipping,16,2025-10-23 07:04:15,2025-10-23 07:49:15,45
439,147,Picking,19,2025-10-21 16:10:24,2025-10-21 16:33:24,23
440,147,Packing,8,2025-10-21 16:43:24,2025-10-21 16:51:24,8
441,147,Shipping,18,2025-10-21 16:53:24,2025-10-21 17:44:24,51
442,148,Picking,10,2025-10-22 21:13:52,2025-10-22 21:29:52,16
443,148,Packing,2,2025-10-22 21:29:52,2025-10-22 21:59:52,30
444,148,Shipping,1,2025-10-22 22:14:52,2025-10-22 22:35:52,21
445,149,Picking,17,2025-10-23 06:01:41,2025-10-23 06:27:41,26
446,149,Packing,15,2025-10-23 06:31:41,2025-10-23 07:05:41,34
447,149,Shipping,9,2025-10-23 07:20:41,2025-10-23 07:38:41,18
448,150,Picking,11,2025-10-25 18:12:40,2025-10-25 18:46:40,34
449,150,Packing,10,2025-10-25 18:56:40,2025-10-25 19:17:40,21
450,150,Shipping,19,2025-10-25 19:22:40,2025-10-25 19:32:40,10
451,151,Picking,13,2025-10-23 04:54:37,2025-10-23 05:39:37,45
452,151,Packing,4,2025-10-23 05:45:37,2025-10-23 06:17:37,32
453,151,Shipping,6,2025-10-23 06:27:37,2025-10-23 06:42:37,15
454,152,Picking,15,2025-10-25 18:26:59,2025-10-25 18:46:59,20
455,152,Packing,9,2025-10-25 18:46:59,2025-10-25 19:07:59,21
456,152,Shipping,11,2025-10-25 19:19:59,2025-10-25 19:44:59,25
457,153,Picking,4,2025-10-24 05:12:35,2025-10-24 05:33:35,21
458,153,Packing,15,2025-10-24 05:43:35,2025-10-24 06:11:35,28
459,153,Shipping,10,2025-10-24 06:18:35,2025-10-24 06:31:35,13
460,154,Picking,8,2025-10-21 22:26:10,2025-10-21 22:50:10,24
461,154,Packing,8,2025-10-21 22:51:10,2025-10-21 23:14:10,23
462,154,Shipping,5,2025-10-21 23:25:10,2025-10-22 00:14:10,49
463,155,Picking,8,2025-10-25 15:34:39,2025-10-25 16:05:39,31
464,155,Packing,20,2025-10-25 16:13:39,2025-10-25 16:48:39,35
465,155,Shipping,3,2025-10-25 16:54:39,2025-10-25 17:52:39,58
466,156,Picking,18,2025-10-22 21:08:53,2025-10-22 21:49:53,41
467,156,Packing,5,2025-10-22 21:50:53,2025-10-22 21:58:53,8
468,156,Shipping,6,2025-10-22 22:04:53,2025-10-22 22:50:53,46
469,157,Picking,15,2025-10-23 01:43:54,2025-10-23 02:01:54,18
470,157,Packing,2,2025-10-23 02:10:54,2025-10-23 02:46:54,36
471,157,Shipping,15,2025-10-23 02:48:54,2025-10-23 03:30:54,42
472,158,Picking,1,2025-10-26 06:25:20,2025-10-26 06:33:20,8
473,158,Packing,13,2025-10-26 06:41:20,2025-10-26 07:15:20,34
474,158,Shipping,9,2025-10-26 07:24:20,2025-10-26 08:20:20,56
475,159,Picking,3,2025-10-26 06:56:13,2025-10-26 07:05:13,9
476,159,Packing,18,2025-10-26 07:05:13,2025-10-26 07:37:13,32
477,159,Shipping,2,2025-10-26 07:48:13,2025-10-26 08:42:13,54
478,160,Picking,14,2025-10-25 06:09:02,2025-10-25 06:32:02,23
479,160,Packing,12,2025-10-25 06:38:02,2025-10-25 06:54:02,16
480,160,Shipping,13,2025-10-25 06:58:02,2025-10-25 07:57:02,59
481,161,Picking,18,2025-10-25 01:03:51,2025-10-25 01:42:51,39
482,161,Packing,13,2025-10-25 01:44:51,2025-10-25 02:11:51,27
483,161,Shipping,17,2025-10-25 02:14:51,2025-10-25 02:35:51,21
484,162,Picking,13,2025-10-25 12:10:42,2025-10-25 12:16:42,6
485,162,Packing,8,2025-10-25 12:20:42,2025-10-25 12:54:42,34
486,162,Shipping,8,2025-10-25 13:07:42,2025-10-25 13:51:42,44
487,163,Picking,7,2025-10-26 08:21:50,2025-10-26 08:33:50,12
488,163,Packing,3,2025-10-26 08:33:50,2025-10-26 09:04:50,31
489,163,Shipping,4,2025-10-26 09:04:50,2025-10-26 09:29:50,25
490,164,Picking,8,2025-10-22 16:36:46,2025-10-22 16:44:46,8
491,164,Packing,18,2025-10-22 16:47:46,2025-10-22 16:54:46,7
492,164,Shipping,7,2025-10-22 17:06:46,2025-10-22 17:44:46,38
493,165,Picking,20,2025-10-24 01:08:07,2025-10-24 01:45:07,37
494,165,Packing,11,2025-10-24 01:49:07,2025-10-24 02:08:07,19
495,165,Shipping,8,2025-10-24 02:18:07,2025-10-24 03:04:07,46
496,166,Picking,19,2025-10-22 04:02:07,2025-10-22 04:33:07,31
497,166,Packing,6,2025-10-22 04:37:07,2025-10-22 04:59:07,22
498,166,Shipping,14,2025-10-22 05:00:07,2025-10-22 05:45:07,45
499,167,Picking,5,2025-10-24 19:23:39,2025-10-24 19:52:39,29
500,167,Packing,10,2025-10-24 20:00:39,2025-10-24 20:25:39,25
501,167,Shipping,13,2025-10-24 20:38:39,2025-10-24 21:14:39,36
502,168,Picking,18,2025-10-22 20:04:36,2025-10-22 20:23:36,19
503,168,Packing,14,2025-10-22 20:27:36,2025-10-22 20:41:36,14
504,168,Shipping,14,2025-10-22 20:55:36,2025-10-22 21:08:36,13
505,169,Picking,12,2025-10-25 09:39:19,2025-10-25 10:00:19,21
506,169,Packing,3,2025-10-25 10:03:19,2025-10-25 10:29:19,26
507,169,Shipping,18,2025-10-25 10:31:19,2025-10-25 11:09:19,38
508,170,Picking,19,2025-10-22 09:04:05,2025-10-22 09:33:05,29
509,170,Packing,18,2025-10-22 09:43:05,2025-10-22 09:50:05,7
510,170,Shipping,7,2025-10-22 09:52:05,2025-10-22 10:14:05,22
511,171,Picking,16,2025-10-23 02:44:19,2025-10-23 02:49:19,5
512,171,Packing,8,2025-10-23 02:52:19,2025-10-23 03:09:19,17
513,171,Shipping,20,2025-10-23 03:12:19,2025-10-23 04:09:19,57
514,172,Picking,12,2025-10-22 08:23:04,2025-10-22 08:48:04,25
515,172,Packing,10,2025-10-22 08:52:04,2025-10-22 09:21:04,29
516,172,Shipping,9,2025-10-22 09:35:04,2025-10-22 10:19:04,44
517,173,Picking,14,2025-10-21 21:35:11,2025-10-21 22:10:11,35
518,173,Packing,2,2025-10-21 22:15:11,2025-10-21 22:33:11,18
519,173,Shipping,19,2025-10-21 22:44:11,2025-10-21 23:14:11,30
520,174,Picking,7,2025-10-21 19:47:19,2025-10-21 20:08:19,21
521,174,Packing,11,2025-10-21 20:16:19,2025-10-21 20:47:19,31
522,174,Shipping,8,2025-10-21 20:56:19,2025-10-21 21:15:19,19
523,175,Picking,6,2025-10-22 11:50:03,2025-10-22 12:16:03,26
524,175,Packing,12,2025-10-22 12:20:03,2025-10-22 12:56:03,36
525,175,Shipping,6,2025-10-22 13:11:03,2025-10-22 13:50:03,39
526,176,Picking,2,2025-10-26 06:42:17,2025-10-26 07:21:17,39
527,176,Packing,1,2025-10-26 07:31:17,2025-10-26 07:39:17,8
528,176,Shipping,14,2025-10-26 07:40:17,2025-10-26 07:54:17,14
529,177,Picking,2,2025-10-23 07:57:09,2025-10-23 08:11:09,14
530,177,Packing,20,2025-10-23 08:11:09,2025-10-23 08:29:09,18
531,177,Shipping,20,2025-10-23 08:43:09,2025-10-23 09:16:09,33
532,178,Picking,1,2025-10-25 01:45:46,2025-10-25 01:50:46,5
533,178,Packing,17,2025-10-25 01:58:46,2025-10-25 02:38:46,40
534,178,Shipping,9,2025-10-25 02:51:46,2025-10-25 03:01:46,10
535,179,Picking,5,2025-10-26 00:41:41,2025-10-26 01:13:41,32
536,179,Packing,8,2025-10-26 01:15:41,2025-10-26 01:26:41,11
537,179,Shipping,7,2025-10-26 01:29:41,2025-10-26 02:12:41,43
538,180,Picking,19,2025-10-24 22:16:00,2025-10-24 22:46:00,30
539,180,Packing,8,2025-10-24 22:47:00,2025-10-24 23:15:00,28
540,180,Shipping,8,2025-10-24 23:27:00,2025-10-25 00:06:00,39
541,181,Picking,1,2025-10-23 05:12:07,2025-10-23 05:42:07,30
542,181,Packing,6,2025-10-23 05:48:07,2025-10-23 06:17:07,29
543,181,Shipping,3,2025-10-23 06:32:07,2025-10-23 06:45:07,13
544,182,Picking,19,2025-10-24 03:38:34,2025-10-24 03:49:34,11
545,182,Packing,16,2025-10-24 03:57:34,2025-10-24 04:04:34,7
546,182,Shipping,9,2025-10-24 04:11:34,2025-10-24 04:34:34,23
547,183,Picking,1,2025-10-22 06:08:49,2025-10-22 06:47:49,39
548,183,Packing,7,2025-10-22 06:56:49,2025-10-22 07:03:49,7
549,183,Shipping,19,2025-10-22 07:08:49,2025-10-22 07:38:49,30
550,184,Picking,13,2025-10-24 08:19:44,2025-10-24 08:28:44,9
551,184,Packing,18,2025-10-24 08:32:44,2025-10-24 08:47:44,15
552,184,Shipping,11,2025-10-24 08:54:44,2025-10-24 09:40:44,46
553,185,Picking,14,2025-10-25 16:12:57,2025-10-25 16:22:57,10
554,185,Packing,8,2025-10-25 16:30:57,2025-10-25 16:57:57,27
555,185,Shipping,3,2025-10-25 16:58:57,2025-10-25 17:14:57,16
556,186,Picking,15,2025-10-23 08:00:23,2025-10-23 08:30:23,30
557,186,Packing,16,2025-10-23 08:35:23,2025-10-23 08:41:23,6
558,186,Shipping,8,2025-10-23 08:49:23,2025-10-23 09:49:23,60
559,187,Picking,20,2025-10-25 17:10:33,2025-10-25 17:52:33,42
560,187,Packing,10,2025-10-25 18:02:33,2025-10-25 18:31:33,29
561,187,Shipping,8,2025-10-25 18:33:33,2025-10-25 19:32:33,59
562,188,Picking,12,2025-10-23 21:51:22,2025-10-23 22:20:22,29
563,188,Packing,4,2025-10-23 22:30:22,2025-10-23 22:44:22,14
564,188,Shipping,3,2025-10-23 22:56:22,2025-10-23 23:26:22,30
565,189,Picking,14,2025-10-23 03:07:07,2025-10-23 03:29:07,22
566,189,Packing,15,2025-10-23 03:30:07,2025-10-23 03:43:07,13
567,189,Shipping,18,2025-10-23 03:45:07,2025-10-23 04:06:07,21
568,190,Picking,20,2025-10-24 11:59:23,2025-10-24 12:09:23,10
569,190,Packing,11,2025-10-24 12:14:23,2025-10-24 12:54:23,40
570,190,Shipping,13,2025-10-24 12:56:23,2025-10-24 13:44:23,48
571,191,Picking,13,2025-10-24 18:32:37,2025-10-24 18:42:37,10
572,191,Packing,6,2025-10-24 18:50:37,2025-10-24 19:10:37,20
573,191,Shipping,5,2025-10-24 19:15:37,2025-10-24 20:08:37,53
574,192,Picking,10,2025-10-24 11:09:02,2025-10-24 11:18:02,9
575,192,Packing,16,2025-10-24 11:20:02,2025-10-24 11:52:02,32
576,192,Shipping,3,2025-10-24 12:00:02,2025-10-24 12:36:02,36
577,193,Picking,10,2025-10-24 03:28:23,2025-10-24 04:12:23,44
578,193,Packing,1,2025-10-24 04:15:23,2025-10-24 04:49:23,34
579,193,Shipping,13,2025-10-24 04:52:23,2025-10-24 05:10:23,18
580,194,Picking,20,2025-10-21 23:39:06,2025-10-22 00:05:06,26
581,194,Packing,5,2025-10-22 00:12:06,2025-10-22 00:38:06,26
582,194,Shipping,10,2025-10-22 00:51:06,2025-10-22 01:42:06,51
583,195,Picking,16,2025-10-25 02:40:55,2025-10-25 03:05:55,25
584,195,Packing,19,2025-10-25 03:07:55,2025-10-25 03:37:55,30
585,195,Shipping,8,2025-10-25 03:47:55,2025-10-25 04:15:55,28
586,196,Picking,18,2025-10-21 17:16:30,2025-10-21 17:28:30,12
587,196,Packing,1,2025-10-21 17:37:30,2025-10-21 17:54:30,17
588,196,Shipping,15,2025-10-21 17:59:30,2025-10-21 18:52:30,53
589,197,Picking,10,2025-10-24 02:51:19,2025-10-24 03:14:19,23
590,197,Packing,8,2025-10-24 03:15:19,2025-10-24 03:46:19,31
591,197,Shipping,9,2025-10-24 04:01:19,2025-10-24 04:19:19,18
592,198,Picking,13,2025-10-25 22:53:39,2025-10-25 23:22:39,29
593,198,Packing,18,2025-10-25 23:23:39,2025-10-25 23:56:39,33
594,198,Shipping,17,2025-10-26 00:11:39,2025-10-26 00:58:39,47
595,199,Picking,8,2025-10-23 10:35:41,2025-10-23 10:42:41,7
596,199,Packing,12,2025-10-23 10:47:41,2025-10-23 11:26:41,39
597,199,Shipping,6,2025-10-23 11:28:41,2025-10-23 11:44:41,16
598,200,Picking,4,2025-10-25 03:41:31,2025-10-25 04:11:31,30
599,200,Packing,9,2025-10-25 04:16:31,2025-10-25 04:48:31,32
600,200,Shipping,8,2025-10-25 04:51:31,2025-10-25 05:01:31,10
601,201,Picking,15,2025-10-23 00:09:56,2025-10-23 00:50:56,41
602,201,Packing,19,2025-10-23 00:53:56,2025-10-23 01:26:56,33
603,201,Shipping,17,2025-10-23 01:37:56,2025-10-23 02:12:56,35
604,202,Picking,5,2025-10-21 14:57:12,2025-10-21 15:20:12,23
605,202,Packing,12,2025-10-21 15:26:12,2025-10-21 15:36:12,10
606,202,Shipping,10,2025-10-21 15:39:12,2025-10-21 16:35:12,56
607,203,Picking,15,2025-10-22 00:53:13,2025-10-22 01:20:13,27
608,203,Packing,11,2025-10-22 01:27:13,2025-10-22 01:38:13,11
609,203,Shipping,3,2025-10-22 01:52:13,2025-10-22 02:48:13,56
610,204,Picking,8,2025-10-22 20:26:34,2025-10-22 20:52:34,26
611,204,Packing,17,2025-10-22 21:02:34,2025-10-22 21:13:34,11
612,204,Shipping,6,2025-10-22 21:18:34,2025-10-22 22:15:34,57
613,205,Picking,14,2025-10-25 13:44:18,2025-10-25 14:18:18,34
614,205,Packing,13,2025-10-25 14:21:18,2025-10-25 14:51:18,30
615,205,Shipping,1,2025-10-25 14:56:18,2025-10-25 15:17:18,21
616,206,Picking,9,2025-10-24 23:28:21,2025-10-25 00:00:21,32
617,206,Packing,3,2025-10-25 00:06:21,2025-10-25 00:11:21,5
618,206,Shipping,19,2025-10-25 00:17:21,2025-10-25 00:40:21,23
619,207,Picking,16,2025-10-25 00:58:33,2025-10-25 01:23:33,25
620,207,Packing,17,2025-10-25 01:26:33,2025-10-25 02:00:33,34
621,207,Shipping,11,2025-10-25 02:03:33,2025-10-25 02:29:33,26
622,208,Picking,6,2025-10-21 14:43:28,2025-10-21 14:55:28,12
623,208,Packing,10,2025-10-21 15:00:28,2025-10-21 15:27:28,27
624,208,Shipping,20,2025-10-21 15:41:28,2025-10-21 16:30:28,49
625,209,Picking,12,2025-10-26 02:47:46,2025-10-26 02:59:46,12
626,209,Packing,5,2025-10-26 03:02:46,2025-10-26 03:26:46,24
627,209,Shipping,17,2025-10-26 03:29:46,2025-10-26 03:50:46,21
628,210,Picking,18,2025-10-25 13:35:41,2025-10-25 14:04:41,29
629,210,Packing,6,2025-10-25 14:10:41,2025-10-25 14:26:41,16
630,210,Shipping,18,2025-10-25 14:41:41,2025-10-25 15:31:41,50
631,211,Picking,16,2025-10-26 10:53:53,2025-10-26 11:18:53,25
632,211,Packing,5,2025-10-26 11:25:53,2025-10-26 11:33:53,8
633,211,Shipping,7,2025-10-26 11:44:53,2025-10-26 11:54:53,10
634,212,Picking,15,2025-10-23 03:01:13,2025-10-23 03:37:13,36
635,212,Packing,16,2025-10-23 03:43:13,2025-10-23 04:19:13,36
636,212,Shipping,6,2025-10-23 04:32:13,2025-10-23 05:27:13,55
637,213,Picking,15,2025-10-24 23:18:31,2025-10-24 23:25:31,7
638,213,Packing,19,2025-10-24 23:29:31,2025-10-24 23:48:31,19
639,213,Shipping,16,2025-10-24 23:57:31,2025-10-25 00:17:31,20
640,214,Picking,15,2025-10-21 17:03:44,2025-10-21 17:25:44,22
641,214,Packing,18,2025-10-21 17:33:44,2025-10-21 18:01:44,28
642,214,Shipping,7,2025-10-21 18:02:44,2025-10-21 19:00:44,58
643,215,Picking,15,2025-10-26 02:32:20,2025-10-26 02:39:20,7
644,215,Packing,4,2025-10-26 02:46:20,2025-10-26 03:07:20,21
645,215,Shipping,8,2025-10-26 03:18:20,2025-10-26 03:33:20,15
646,216,Picking,5,2025-10-26 01:57:34,2025-10-26 02:24:34,27
647,216,Packing,7,2025-10-26 02:33:34,2025-10-26 03:05:34,32
648,216,Shipping,7,2025-10-26 03:10:34,2025-10-26 03:59:34,49
649,217,Picking,10,2025-10-22 13:10:02,2025-10-22 13:32:02,22
650,217,Packing,10,2025-10-22 13:41:02,2025-10-22 14:20:02,39
651,217,Shipping,19,2025-10-22 14:25:02,2025-10-22 14:55:02,30
652,218,Picking,5,2025-10-24 07:44:29,2025-10-24 08:15:29,31
653,218,Packing,8,2025-10-24 08:15:29,2025-10-24 08:37:29,22
654,218,Shipping,5,2025-10-24 08:41:29,2025-10-24 09:35:29,54
655,219,Picking,15,2025-10-24 15:10:58,2025-10-24 15:24:58,14
656,219,Packing,3,2025-10-24 15:33:58,2025-10-24 15:55:58,22
657,219,Shipping,3,2025-10-24 16:08:58,2025-10-24 16:42:58,34
658,220,Picking,1,2025-10-25 10:42:10,2025-10-25 11:10:10,28
659,220,Packing,3,2025-10-25 11:17:10,2025-10-25 11:53:10,36
660,220,Shipping,15,2025-10-25 12:03:10,2025-10-25 12:50:10,47
661,221,Picking,7,2025-10-24 04:23:27,2025-10-24 04:32:27,9
662,221,Packing,16,2025-10-24 04:40:27,2025-10-24 05:10:27,30
663,221,Shipping,9,2025-10-24 05:16:27,2025-10-24 05:53:27,37
664,222,Picking,2,2025-10-23 04:10:46,2025-10-23 04:51:46,41
665,222,Packing,2,2025-10-23 04:53:46,2025-10-23 05:29:46,36
666,222,Shipping,4,2025-10-23 05:39:46,2025-10-23 06:32:46,53
667,223,Picking,7,2025-10-22 13:38:04,2025-10-22 13:53:04,15
668,223,Packing,5,2025-10-22 14:00:04,2025-10-22 14:34:04,34
669,223,Shipping,10,2025-10-22 14:34:04,2025-10-22 15:11:04,37
670,224,Picking,6,2025-10-25 01:00:53,2025-10-25 01:28:53,28
671,224,Packing,2,2025-10-25 01:32:53,2025-10-25 01:42:53,10
672,224,Shipping,13,2025-10-25 01:53:53,2025-10-25 02:45:53,52
673,225,Picking,3,2025-10-24 03:01:01,2025-10-24 03:11:01,10
674,225,Packing,5,2025-10-24 03:12:01,2025-10-24 03:17:01,5
675,225,Shipping,19,2025-10-24 03:23:01,2025-10-24 04:03:01,40
676,226,Picking,5,2025-10-25 07:32:02,2025-10-25 07:37:02,5
677,226,Packing,16,2025-10-25 07:42:02,2025-10-25 07:54:02,12
678,226,Shipping,3,2025-10-25 08:07:02,2025-10-25 09:01:02,54
679,227,Picking,5,2025-10-26 09:46:10,2025-10-26 10:11:10,25
680,227,Packing,5,2025-10-26 10:16:10,2025-10-26 10:40:10,24
681,227,Shipping,3,2025-10-26 10:44:10,2025-10-26 11:18:10,34
682,228,Picking,5,2025-10-24 11:22:57,2025-10-24 11:37:57,15
683,228,Packing,14,2025-10-24 11:44:57,2025-10-24 12:11:57,27
684,228,Shipping,20,2025-10-24 12:17:57,2025-10-24 13:07:57,50
685,229,Picking,14,2025-10-22 01:19:29,2025-10-22 01:30:29,11
686,229,Packing,11,2025-10-22 01:32:29,2025-10-22 01:44:29,12
687,229,Shipping,5,2025-10-22 01:56:29,2025-10-22 02:28:29,32
688,230,Picking,10,2025-10-24 07:47:12,2025-10-24 08:27:12,40
689,230,Packing,7,2025-10-24 08:36:12,2025-10-24 08:59:12,23
690,230,Shipping,17,2025-10-24 08:59:12,2025-10-24 09:51:12,52
691,231,Picking,8,2025-10-23 14:03:43,2025-10-23 14:11:43,8
692,231,Packing,16,2025-10-23 14:14:43,2025-10-23 14:50:43,36
693,231,Shipping,20,2025-10-23 15:02:43,2025-10-23 15:19:43,17
694,232,Picking,18,2025-10-23 23:32:24,2025-10-23 23:57:24,25
695,232,Packing,6,2025-10-23 23:59:24,2025-10-24 00:28:24,29
696,232,Shipping,16,2025-10-24 00:41:24,2025-10-24 01:14:24,33
697,233,Picking,2,2025-10-23 11:38:41,2025-10-23 12:20:41,42
698,233,Packing,2,2025-10-23 12:21:41,2025-10-23 12:26:41,5
699,233,Shipping,13,2025-10-23 12:34:41,2025-10-23 12:57:41,23
700,234,Picking,18,2025-10-23 10:39:38,2025-10-23 11:10:38,31
701,234,Packing,18,2025-10-23 11:16:38,2025-10-23 11:46:38,30
702,234,Shipping,20,2025-10-23 11:48:38,2025-10-23 12:38:38,50
703,235,Picking,19,2025-10-25 12:45:54,2025-10-25 13:22:54,37
704,235,Packing,3,2025-10-25 13:25:54,2025-10-25 13:39:54,14
705,235,Shipping,10,2025-10-25 13:49:54,2025-10-25 14:24:54,35
706,236,Picking,20,2025-10-22 02:22:12,2025-10-22 02:42:12,20
707,236,Packing,20,2025-10-22 02:43:12,2025-10-22 03:15:12,32
708,236,Shipping,2,2025-10-22 03:18:12,2025-10-22 03:57:12,39
709,237,Picking,12,2025-10-22 10:37:30,2025-10-22 10:42:30,5
710,237,Packing,17,2025-10-22 10:44:30,2025-10-22 10:49:30,5
711,237,Shipping,17,2025-10-22 10:54:30,2025-10-22 11:35:30,41
712,238,Picking,1,2025-10-23 11:17:04,2025-10-23 11:45:04,28
713,238,Packing,11,2025-10-23 11:47:04,2025-10-23 12:09:04,22
714,238,Shipping,14,2025-10-23 12:12:04,2025-10-23 13:11:04,59
715,239,Picking,17,2025-10-23 23:47:12,2025-10-24 00:28:12,41
716,239,Packing,12,2025-10-24 00:38:12,2025-10-24 00:47:12,9
717,239,Shipping,2,2025-10-24 01:02:12,2025-10-24 01:41:12,39
718,240,Picking,17,2025-10-25 16:29:36,2025-10-25 16:44:36,15
719,240,Packing,1,2025-10-25 16:48:36,2025-10-25 16:59:36,11
720,240,Shipping,2,2025-10-25 17:02:36,2025-10-25 17:26:36,24
721,241,Picking,2,2025-10-24 11:16:40,2025-10-24 11:51:40,35
722,241,Packing,18,2025-10-24 11:56:40,2025-10-24 12:25:40,29
723,241,Shipping,14,2025-10-24 12:29:40,2025-10-24 12:50:40,21
724,242,Picking,17,2025-10-23 06:01:41,2025-10-23 06:26:41,25
725,242,Packing,2,2025-10-23 06:30:41,2025-10-23 06:39:41,9
726,242,Shipping,6,2025-10-23 06:50:41,2025-10-23 07:07:41,17
727,243,Picking,3,2025-10-25 11:59:56,2025-10-25 12:08:56,9
728,243,Packing,18,2025-10-25 12:15:56,2025-10-25 12:38:56,23
729,243,Shipping,15,2025-10-25 12:47:56,2025-10-25 13:17:56,30
730,244,Picking,19,2025-10-23 22:00:24,2025-10-23 22:24:24,24
731,244,Packing,16,2025-10-23 22:33:24,2025-10-23 22:53:24,20
732,244,Shipping,7,2025-10-23 23:07:24,2025-10-23 23:40:24,33
733,245,Picking,12,2025-10-26 09:43:14,2025-10-26 09:48:14,5
734,245,Packing,1,2025-10-26 09:54:14,2025-10-26 10:00:14,6
735,245,Shipping,11,2025-10-26 10:07:14,2025-10-26 10:51:14,44
736,246,Picking,16,2025-10-26 02:44:32,2025-10-26 03:08:32,24
737,246,Packing,2,2025-10-26 03:09:32,2025-10-26 03:27:32,18
738,246,Shipping,5,2025-10-26 03:34:32,2025-10-26 04:10:32,36
739,247,Picking,3,2025-10-24 20:10:01,2025-10-24 20:29:01,19
740,247,Packing,19,2025-10-24 20:37:01,2025-10-24 21:08:01,31
741,247,Shipping,4,2025-10-24 21:19:01,2025-10-24 21:58:01,39
742,248,Picking,5,2025-10-21 16:29:51,2025-10-21 17:11:51,42
743,248,Packing,8,2025-10-21 17:20:51,2025-10-21 17:28:51,8
744,248,Shipping,10,2025-10-21 17:41:51,2025-10-21 18:33:51,52
745,249,Picking,3,2025-10-24 06:03:31,2025-10-24 06:28:31,25
746,249,Packing,7,2025-10-24 06:33:31,2025-10-24 07:06:31,33
747,249,Shipping,5,2025-10-24 07:14:31,2025-10-24 07:38:31,24
748,250,Picking,14,2025-10-22 00:03:40,2025-10-22 00:14:40,11
749,250,Packing,4,2025-10-22 00:16:40,2025-10-22 00:49:40,33
750,250,Shipping,18,2025-10-22 01:03:40,2025-10-22 01:33:40,30
751,251,Picking,6,2025-10-23 09:21:29,2025-10-23 09:45:29,24
752,251,Packing,10,2025-10-23 09:52:29,2025-10-23 10:13:29,21
753,251,Shipping,20,2025-10-23 10:16:29,2025-10-23 10:31:29,15
754,252,Picking,10,2025-10-22 23:55:41,2025-10-23 00:15:41,20
755,252,Packing,9,2025-10-23 00:20:41,2025-10-23 00:50:41,30
756,252,Shipping,6,2025-10-23 00:51:41,2025-10-23 01:44:41,53
757,253,Picking,5,2025-10-23 10:45:00,2025-10-23 11:25:00,40
758,253,Packing,4,2025-10-23 11:28:00,2025-10-23 11:39:00,11
759,253,Shipping,1,2025-10-23 11:53:00,2025-10-23 12:09:00,16
760,254,Picking,19,2025-10-22 04:06:08,2025-10-22 04:23:08,17
761,254,Packing,9,2025-10-22 04:29:08,2025-10-22 04:57:08,28
762,254,Shipping,3,2025-10-22 04:59:08,2025-10-22 05:46:08,47
763,255,Picking,2,2025-10-26 04:32:49,2025-10-26 05:05:49,33
764,255,Packing,15,2025-10-26 05:07:49,2025-10-26 05:17:49,10
765,255,Shipping,2,2025-10-26 05:27:49,2025-10-26 05:44:49,17
766,256,Picking,14,2025-10-23 22:48:56,2025-10-23 23:18:56,30
767,256,Packing,6,2025-10-23 23:25:56,2025-10-23 23:31:56,6
768,256,Shipping,12,2025-10-23 23:43:56,2025-10-24 00:36:56,53
769,257,Picking,10,2025-10-24 14:18:48,2025-10-24 14:51:48,33
770,257,Packing,16,2025-10-24 14:53:48,2025-10-24 15:00:48,7
771,257,Shipping,14,2025-10-24 15:07:48,2025-10-24 15:58:48,51
772,258,Picking,17,2025-10-21 11:20:15,2025-10-21 11:42:15,22
773,258,Packing,8,2025-10-21 11:48:15,2025-10-21 12:01:15,13
774,258,Shipping,18,2025-10-21 12:14:15,2025-10-21 12:36:15,22
775,259,Picking,9,2025-10-25 11:21:55,2025-10-25 12:00:55,39
776,259,Packing,6,2025-10-25 12:07:55,2025-10-25 12:34:55,27
777,259,Shipping,1,2025-10-25 12:44:55,2025-10-25 13:18:55,34
778,260,Picking,19,2025-10-24 19:03:27,2025-10-24 19:25:27,22
779,260,Packing,8,2025-10-24 19:25:27,2025-10-24 20:00:27,35
780,260,Shipping,6,2025-10-24 20:11:27,2025-10-24 21:10:27,59
781,261,Picking,6,2025-10-24 06:39:00,2025-10-24 07:18:00,39
782,261,Packing,6,2025-10-24 07:18:00,2025-10-24 07:37:00,19
783,261,Shipping,8,2025-10-24 07:49:00,2025-10-24 08:21:00,32
784,262,Picking,7,2025-10-24 00:14:12,2025-10-24 00:56:12,42
785,262,Packing,16,2025-10-24 00:56:12,2025-10-24 01:23:12,27
786,262,Shipping,18,2025-10-24 01:27:12,2025-10-24 02:13:12,46
787,263,Picking,16,2025-10-21 19:03:50,2025-10-21 19:11:50,8
788,263,Packing,1,2025-10-21 19:14:50,2025-10-21 19:33:50,19
789,263,Shipping,11,2025-10-21 19:33:50,2025-10-21 20:16:50,43
790,264,Picking,19,2025-10-22 14:45:19,2025-10-22 15:01:19,16
791,264,Packing,5,2025-10-22 15:06:19,2025-10-22 15:14:19,8
792,264,Shipping,4,2025-10-22 15:14:19,2025-10-22 15:33:19,19
793,265,Picking,11,2025-10-24 14:58:23,2025-10-24 15:28:23,30
794,265,Packing,5,2025-10-24 15:37:23,2025-10-24 15:48:23,11
795,265,Shipping,6,2025-10-24 15:58:23,2025-10-24 16:27:23,29
796,266,Picking,19,2025-10-23 16:27:28,2025-10-23 16:52:28,25
797,266,Packing,6,2025-10-23 16:54:28,2025-10-23 17:34:28,40
798,266,Shipping,13,2025-10-23 17:45:28,2025-10-23 18:09:28,24
799,267,Picking,20,2025-10-25 05:53:51,2025-10-25 06:09:51,16
800,267,Packing,11,2025-10-25 06:09:51,2025-10-25 06:39:51,30
801,267,Shipping,20,2025-10-25 06:40:51,2025-10-25 07:01:51,21
802,268,Picking,12,2025-10-26 02:14:06,2025-10-26 02:50:06,36
803,268,Packing,11,2025-10-26 02:52:06,2025-10-26 03:18:06,26
804,268,Shipping,6,2025-10-26 03:20:06,2025-10-26 03:45:06,25
805,269,Picking,3,2025-10-24 12:09:05,2025-10-24 12:14:05,5
806,269,Packing,12,2025-10-24 12:18:05,2025-10-24 12:36:05,18
807,269,Shipping,9,2025-10-24 12:43:05,2025-10-24 13:37:05,54
808,270,Picking,16,2025-10-25 06:13:06,2025-10-25 06:42:06,29
809,270,Packing,13,2025-10-25 06:49:06,2025-10-25 07:20:06,31
810,270,Shipping,12,2025-10-25 07:25:06,2025-10-25 08:01:06,36
811,271,Picking,3,2025-10-24 04:17:48,2025-10-24 04:58:48,41
812,271,Packing,2,2025-10-24 05:08:48,2025-10-24 05:27:48,19
813,271,Shipping,10,2025-10-24 05:32:48,2025-10-24 06:10:48,38
814,272,Picking,3,2025-10-26 01:50:05,2025-10-26 02:16:05,26
815,272,Packing,18,2025-10-26 02:18:05,2025-10-26 02:47:05,29
816,272,Shipping,3,2025-10-26 02:52:05,2025-10-26 03:48:05,56
817,273,Picking,2,2025-10-21 19:21:11,2025-10-21 19:27:11,6
818,273,Packing,4,2025-10-21 19:33:11,2025-10-21 19:48:11,15
819,273,Shipping,11,2025-10-21 20:01:11,2025-10-21 20:21:11,20
820,274,Picking,8,2025-10-22 17:27:55,2025-10-22 18:07:55,40
821,274,Packing,4,2025-10-22 18:15:55,2025-10-22 18:36:55,21
822,274,Shipping,2,2025-10-22 18:45:55,2025-10-22 19:14:55,29
823,275,Picking,10,2025-10-23 02:07:46,2025-10-23 02:15:46,8
824,275,Packing,20,2025-10-23 02:20:46,2025-10-23 02:25:46,5
825,275,Shipping,16,2025-10-23 02:38:46,2025-10-23 02:53:46,15
826,276,Picking,10,2025-10-24 19:14:21,2025-10-24 19:59:21,45
827,276,Packing,13,2025-10-24 20:03:21,2025-10-24 20:13:21,10
828,276,Shipping,16,2025-10-24 20:28:21,2025-10-24 20:45:21,17
829,277,Picking,12,2025-10-22 06:15:00,2025-10-22 06:54:00,39
830,277,Packing,6,2025-10-22 07:00:00,2025-10-22 07:16:00,16
831,277,Shipping,15,2025-10-22 07:27:00,2025-10-22 08:01:00,34
832,278,Picking,4,2025-10-23 05:18:02,2025-10-23 05:37:02,19
833,278,Packing,3,2025-10-23 05:41:02,2025-10-23 05:49:02,8
834,278,Shipping,12,2025-10-23 05:53:02,2025-10-23 06:51:02,58
835,279,Picking,16,2025-10-24 03:07:31,2025-10-24 03:47:31,40
836,279,Packing,19,2025-10-24 03:47:31,2025-10-24 04:16:31,29
837,279,Shipping,8,2025-10-24 04:29:31,2025-10-24 05:13:31,44
838,280,Picking,15,2025-10-25 17:43:36,2025-10-25 17:50:36,7
839,280,Packing,6,2025-10-25 17:58:36,2025-10-25 18:36:36,38
840,280,Shipping,6,2025-10-25 18:40:36,2025-10-25 18:57:36,17
841,281,Picking,5,2025-10-24 09:42:40,2025-10-24 10:14:40,32
842,281,Packing,20,2025-10-24 10:15:40,2025-10-24 10:47:40,32
843,281,Shipping,9,2025-10-24 10:53:40,2025-10-24 11:43:40,50
844,282,Picking,17,2025-10-22 04:51:14,2025-10-22 05:20:14,29
845,282,Packing,15,2025-10-22 05:28:14,2025-10-22 05:58:14,30
846,282,Shipping,1,2025-10-22 06:08:14,2025-10-22 06:35:14,27
847,283,Picking,19,2025-10-21 15:50:27,2025-10-21 16:21:27,31
848,283,Packing,19,2025-10-21 16:22:27,2025-10-21 16:53:27,31
849,283,Shipping,19,2025-10-21 16:57:27,2025-10-21 17:16:27,19
850,284,Picking,9,2025-10-25 07:26:25,2025-10-25 07:37:25,11
851,284,Packing,13,2025-10-25 07:41:25,2025-10-25 08:20:25,39
852,284,Shipping,16,2025-10-25 08:31:25,2025-10-25 09:07:25,36
853,285,Picking,13,2025-10-25 03:56:36,2025-10-25 04:18:36,22
854,285,Packing,11,2025-10-25 04:24:36,2025-10-25 04:38:36,14
855,285,Shipping,8,2025-10-25 04:50:36,2025-10-25 05:02:36,12
856,286,Picking,9,2025-10-26 08:26:42,2025-10-26 08:54:42,28
857,286,Packing,16,2025-10-26 08:54:42,2025-10-26 09:20:42,26
858,286,Shipping,4,2025-10-26 09:29:42,2025-10-26 09:58:42,29
859,287,Picking,3,2025-10-22 22:15:12,2025-10-22 22:48:12,33
860,287,Packing,7,2025-10-22 22:53:12,2025-10-22 23:15:12,22
861,287,Shipping,15,2025-10-22 23:28:12,2025-10-23 00:16:12,48
862,288,Picking,10,2025-10-25 19:15:22,2025-10-25 19:53:22,38
863,288,Packing,17,2025-10-25 19:58:22,2025-10-25 20:06:22,8
864,288,Shipping,13,2025-10-25 20:11:22,2025-10-25 20:25:22,14
865,289,Picking,2,2025-10-22 10:10:07,2025-10-22 10:26:07,16
866,289,Packing,15,2025-10-22 10:29:07,2025-10-22 10:46:07,17
867,289,Shipping,2,2025-10-22 10:47:07,2025-10-22 11:12:07,25
868,290,Picking,4,2025-10-23 08:37:34,2025-10-23 09:05:34,28
869,290,Packing,1,2025-10-23 09:12:34,2025-10-23 09:49:34,37
870,290,Shipping,8,2025-10-23 10:01:34,2025-10-23 10:51:34,50
871,291,Picking,6,2025-10-24 19:29:30,2025-10-24 20:04:30,35
872,291,Packing,9,2025-10-24 20:13:30,2025-10-24 20:53:30,40
873,291,Shipping,3,2025-10-24 21:04:30,2025-10-24 21:36:30,32
874,292,Picking,7,2025-10-21 13:14:41,2025-10-21 13:55:41,41
875,292,Packing,9,2025-10-21 13:58:41,2025-10-21 14:17:41,19
876,292,Shipping,14,2025-10-21 14:24:41,2025-10-21 15:17:41,53
877,293,Picking,9,2025-10-24 20:00:50,2025-10-24 20:13:50,13
878,293,Packing,20,2025-10-24 20:23:50,2025-10-24 20:39:50,16
879,293,Shipping,10,2025-10-24 20:39:50,2025-10-24 21:03:50,24
880,294,Picking,15,2025-10-23 22:57:16,2025-10-23 23:26:16,29
881,294,Packing,10,2025-10-23 23:31:16,2025-10-24 00:05:16,34
882,294,Shipping,17,2025-10-24 00:13:16,2025-10-24 00:36:16,23
883,295,Picking,4,2025-10-22 00:45:40,2025-10-22 00:50:40,5
884,295,Packing,16,2025-10-22 00:58:40,2025-10-22 01:26:40,28
885,295,Shipping,3,2025-10-22 01:35:40,2025-10-22 02:04:40,29
886,296,Picking,17,2025-10-22 20:43:39,2025-10-22 21:05:39,22
887,296,Packing,8,2025-10-22 21:09:39,2025-10-22 21:33:39,24
888,296,Shipping,2,2025-10-22 21:39:39,2025-10-22 21:58:39,19
889,297,Picking,16,2025-10-22 04:18:38,2025-10-22 04:43:38,25
890,297,Packing,10,2025-10-22 04:53:38,2025-10-22 05:06:38,13
891,297,Shipping,9,2025-10-22 05:06:38,2025-10-22 05:57:38,51
892,298,Picking,8,2025-10-24 07:04:23,2025-10-24 07:11:23,7
893,298,Packing,18,2025-10-24 07:20:23,2025-10-24 07:37:23,17
894,298,Shipping,16,2025-10-24 07:47:23,2025-10-24 08:43:23,56
895,299,Picking,4,2025-10-22 04:43:38,2025-10-22 05:07:38,24
896,299,Packing,16,2025-10-22 05:09:38,2025-10-22 05:49:38,40
897,299,Shipping,5,2025-10-22 05:54:38,2025-10-22 06:22:38,28
898,300,Picking,12,2025-10-25 10:12:58,2025-10-25 10:28:58,16
899,300,Packing,8,2025-10-25 10:38:58,2025-10-25 11:04:58,26
900,300,Shipping,10,2025-10-25 11:06:58,2025-10-25 11:30:58,24
901,301,Picking,2,2025-10-22 09:46:37,2025-10-22 10:28:37,42
902,301,Packing,19,2025-10-22 10:32:37,2025-10-22 11:06:37,34
903,301,Shipping,19,2025-10-22 11:09:37,2025-10-22 11:49:37,40
904,302,Picking,10,2025-10-24 12:36:04,2025-10-24 12:53:04,17
905,302,Packing,14,2025-10-24 13:01:04,2025-10-24 13:13:04,12
906,302,Shipping,2,2025-10-24 13:25:04,2025-10-24 14:08:04,43
907,303,Picking,6,2025-10-25 19:38:58,2025-10-25 20:04:58,26
908,303,Packing,3,2025-10-25 20:10:58,2025-10-25 20:44:58,34
909,303,Shipping,16,2025-10-25 20:48:58,2025-10-25 21:18:58,30
910,304,Picking,6,2025-10-23 06:15:31,2025-10-23 06:23:31,8
911,304,Packing,19,2025-10-23 06:23:31,2025-10-23 06:56:31,33
912,304,Shipping,6,2025-10-23 07:04:31,2025-10-23 07:27:31,23
913,305,Picking,16,2025-10-24 13:19:47,2025-10-24 14:03:47,44
914,305,Packing,13,2025-10-24 14:09:47,2025-10-24 14:41:47,32
915,305,Shipping,1,2025-10-24 14:53:47,2025-10-24 15:30:47,37
916,306,Picking,1,2025-10-25 18:49:10,2025-10-25 18:54:10,5
917,306,Packing,8,2025-10-25 18:59:10,2025-10-25 19:37:10,38
918,306,Shipping,8,2025-10-25 19:43:10,2025-10-25 19:54:10,11
919,307,Picking,3,2025-10-23 03:02:25,2025-10-23 03:13:25,11
920,307,Packing,2,2025-10-23 03:19:25,2025-10-23 03:56:25,37
921,307,Shipping,10,2025-10-23 04:05:25,2025-10-23 04:25:25,20
922,308,Picking,16,2025-10-24 00:13:48,2025-10-24 00:51:48,38
923,308,Packing,12,2025-10-24 00:56:48,2025-10-24 01:28:48,32
924,308,Shipping,7,2025-10-24 01:32:48,2025-10-24 02:03:48,31
925,309,Picking,17,2025-10-24 09:35:20,2025-10-24 09:54:20,19
926,309,Packing,6,2025-10-24 09:56:20,2025-10-24 10:14:20,18
927,309,Shipping,4,2025-10-24 10:14:20,2025-10-24 11:01:20,47
928,310,Picking,2,2025-10-24 08:15:31,2025-10-24 09:00:31,45
929,310,Packing,4,2025-10-24 09:04:31,2025-10-24 09:43:31,39
930,310,Shipping,1,2025-10-24 09:44:31,2025-10-24 10:32:31,48
931,311,Picking,5,2025-10-22 23:02:57,2025-10-22 23:31:57,29
932,311,Packing,7,2025-10-22 23:32:57,2025-10-23 00:12:57,40
933,311,Shipping,1,2025-10-23 00:20:57,2025-10-23 01:00:57,40
934,312,Picking,17,2025-10-24 06:18:39,2025-10-24 06:56:39,38
935,312,Packing,20,2025-10-24 07:00:39,2025-10-24 07:13:39,13
936,312,Shipping,4,2025-10-24 07:26:39,2025-10-24 07:42:39,16
937,313,Picking,14,2025-10-24 19:34:13,2025-10-24 20:17:13,43
938,313,Packing,10,2025-10-24 20:20:13,2025-10-24 20:41:13,21
939,313,Shipping,6,2025-10-24 20:47:13,2025-10-24 21:19:13,32
940,314,Picking,3,2025-10-22 08:53:06,2025-10-22 09:28:06,35
941,314,Packing,4,2025-10-22 09:33:06,2025-10-22 09:53:06,20
942,314,Shipping,19,2025-10-22 09:53:06,2025-10-22 10:03:06,10
943,315,Picking,8,2025-10-23 19:46:01,2025-10-23 20:23:01,37
944,315,Packing,15,2025-10-23 20:24:01,2025-10-23 20:35:01,11
945,315,Shipping,10,2025-10-23 20:43:01,2025-10-23 21:34:01,51
946,316,Picking,11,2025-10-22 15:42:46,2025-10-22 15:58:46,16
947,316,Packing,14,2025-10-22 15:58:46,2025-10-22 16:21:46,23
948,316,Shipping,4,2025-10-22 16:32:46,2025-10-22 17:25:46,53
949,317,Picking,15,2025-10-25 02:22:38,2025-10-25 02:35:38,13
950,317,Packing,20,2025-10-25 02:45:38,2025-10-25 03:00:38,15
951,317,Shipping,9,2025-10-25 03:10:38,2025-10-25 03:42:38,32
952,318,Picking,15,2025-10-24 13:58:16,2025-10-24 14:24:16,26
953,318,Packing,9,2025-10-24 14:26:16,2025-10-24 14:38:16,12
954,318,Shipping,13,2025-10-24 14:50:16,2025-10-24 15:25:16,35
955,319,Picking,4,2025-10-26 00:27:24,2025-10-26 00:42:24,15
956,319,Packing,14,2025-10-26 00:43:24,2025-10-26 00:56:24,13
957,319,Shipping,19,2025-10-26 00:57:24,2025-10-26 01:17:24,20
958,320,Picking,5,2025-10-22 07:09:01,2025-10-22 07:53:01,44
959,320,Packing,16,2025-10-22 07:59:01,2025-10-22 08:26:01,27
960,320,Shipping,16,2025-10-22 08:26:01,2025-10-22 09:19:01,53
961,321,Picking,17,2025-10-21 21:17:12,2025-10-21 21:26:12,9
962,321,Packing,19,2025-10-21 21:30:12,2025-10-21 21:55:12,25
963,321,Shipping,19,2025-10-21 21:55:12,2025-10-21 22:50:12,55
964,322,Picking,8,2025-10-23 03:52:05,2025-10-23 04:30:05,38
965,322,Packing,16,2025-10-23 04:39:05,2025-10-23 04:50:05,11
966,322,Shipping,12,2025-10-23 05:03:05,2025-10-23 05:55:05,52
967,323,Picking,6,2025-10-26 03:45:56,2025-10-26 04:25:56,40
968,323,Packing,17,2025-10-26 04:34:56,2025-10-26 04:42:56,8
969,323,Shipping,16,2025-10-26 04:42:56,2025-10-26 05:33:56,51
970,324,Picking,2,2025-10-26 06:56:22,2025-10-26 07:32:22,36
971,324,Packing,17,2025-10-26 07:37:22,2025-10-26 07:57:22,20
972,324,Shipping,8,2025-10-26 08:07:22,2025-10-26 08:34:22,27
973,325,Picking,15,2025-10-24 00:23:01,2025-10-24 00:43:01,20
974,325,Packing,3,2025-10-24 00:44:01,2025-10-24 01:18:01,34
975,325,Shipping,16,2025-10-24 01:32:01,2025-10-24 02:18:01,46
976,326,Picking,18,2025-10-23 13:22:04,2025-10-23 13:28:04,6
977,326,Packing,18,2025-10-23 13:29:04,2025-10-23 13:59:04,30
978,326,Shipping,1,2025-10-23 14:12:04,2025-10-23 14:24:04,12
979,327,Picking,15,2025-10-26 06:28:22,2025-10-26 06:52:22,24
980,327,Packing,11,2025-10-26 07:00:22,2025-10-26 07:40:22,40
981,327,Shipping,12,2025-10-26 07:46:22,2025-10-26 08:37:22,51
982,328,Picking,15,2025-10-24 13:22:52,2025-10-24 14:02:52,40
983,328,Packing,4,2025-10-24 14:11:52,2025-10-24 14:46:52,35
984,328,Shipping,4,2025-10-24 14:57:52,2025-10-24 15:52:52,55
985,329,Picking,4,2025-10-23 02:20:47,2025-10-23 02:47:47,27
986,329,Packing,2,2025-10-23 02:57:47,2025-10-23 03:20:47,23
987,329,Shipping,6,2025-10-23 03:31:47,2025-10-23 04:25:47,54
988,330,Picking,13,2025-10-26 10:41:16,2025-10-26 11:02:16,21
989,330,Packing,7,2025-10-26 11:11:16,2025-10-26 11:28:16,17
990,330,Shipping,15,2025-10-26 11:34:16,2025-10-26 11:51:16,17
991,331,Picking,19,2025-10-21 11:33:36,2025-10-21 12:04:36,31
992,331,Packing,17,2025-10-21 12:04:36,2025-10-21 12:16:36,12
993,331,Shipping,5,2025-10-21 12:30:36,2025-10-21 13:09:36,39
994,332,Picking,6,2025-10-23 05:03:41,2025-10-23 05:11:41,8
995,332,Packing,19,2025-10-23 05:19:41,2025-10-23 05:51:41,32
996,332,Shipping,6,2025-10-23 06:06:41,2025-10-23 06:48:41,42
997,333,Picking,20,2025-10-25 21:13:31,2025-10-25 21:56:31,43
998,333,Packing,8,2025-10-25 22:05:31,2025-10-25 22:30:31,25
999,333,Shipping,9,2025-10-25 22:42:31,2025-10-25 23:18:31,36
1000,334,Picking,18,2025-10-23 07:02:01,2025-10-23 07:15:01,13
1001,334,Packing,11,2025-10-23 07:17:01,2025-10-23 07:48:01,31
1002,334,Shipping,18,2025-10-23 07:57:01,2025-10-23 08:51:01,54
1003,335,Picking,6,2025-10-25 01:12:56,2025-10-25 01:35:56,23
1004,335,Packing,17,2025-10-25 01:45:56,2025-10-25 02:12:56,27
1005,335,Shipping,18,2025-10-25 02:16:56,2025-10-25 03:11:56,55
1006,336,Picking,18,2025-10-25 00:20:38,2025-10-25 00:47:38,27
1007,336,Packing,10,2025-10-25 00:55:38,2025-10-25 01:30:38,35
1008,336,Shipping,14,2025-10-25 01:43:38,2025-10-25 02:36:38,53
1009,337,Picking,9,2025-10-25 11:12:51,2025-10-25 11:41:51,29
1010,337,Packing,6,2025-10-25 11:43:51,2025-10-25 11:51:51,8
1011,337,Shipping,10,2025-10-25 11:52:51,2025-10-25 12:14:51,22
1012,338,Picking,15,2025-10-24 11:07:44,2025-10-24 11:30:44,23
1013,338,Packing,4,2025-10-24 11:33:44,2025-10-24 12:12:44,39
1014,338,Shipping,20,2025-10-24 12:13:44,2025-10-24 12:45:44,32
1015,339,Picking,17,2025-10-22 09:38:38,2025-10-22 09:57:38,19
1016,339,Packing,10,2025-10-22 10:07:38,2025-10-22 10:47:38,40
1017,339,Shipping,2,2025-10-22 10:59:38,2025-10-22 11:24:38,25
1018,340,Picking,9,2025-10-24 04:57:11,2025-10-24 05:22:11,25
1019,340,Packing,7,2025-10-24 05:30:11,2025-10-24 05:38:11,8
1020,340,Shipping,20,2025-10-24 05:38:11,2025-10-24 06:35:11,57
1021,341,Picking,7,2025-10-24 18:29:23,2025-10-24 19:14:23,45
1022,341,Packing,10,2025-10-24 19:24:23,2025-10-24 19:52:23,28
1023,341,Shipping,15,2025-10-24 19:58:23,2025-10-24 20:57:23,59
1024,342,Picking,14,2025-10-24 09:48:26,2025-10-24 10:04:26,16
1025,342,Packing,9,2025-10-24 10:12:26,2025-10-24 10:24:26,12
1026,342,Shipping,18,2025-10-24 10:36:26,2025-10-24 10:48:26,12
1027,343,Picking,5,2025-10-23 14:14:56,2025-10-23 14:35:56,21
1028,343,Packing,2,2025-10-23 14:35:56,2025-10-23 15:01:56,26
1029,343,Shipping,5,2025-10-23 15:15:56,2025-10-23 16:10:56,55
1030,344,Picking,19,2025-10-23 12:19:06,2025-10-23 13:04:06,45
1031,344,Packing,18,2025-10-23 13:13:06,2025-10-23 13:37:06,24
1032,344,Shipping,12,2025-10-23 13:52:06,2025-10-23 14:52:06,60
1033,345,Picking,17,2025-10-24 20:00:55,2025-10-24 20:19:55,19
1034,345,Packing,6,2025-10-24 20:21:55,2025-10-24 20:59:55,38
1035,345,Shipping,14,2025-10-24 21:01:55,2025-10-24 22:01:55,60
1036,346,Picking,10,2025-10-26 02:33:16,2025-10-26 02:52:16,19
1037,346,Packing,7,2025-10-26 02:55:16,2025-10-26 03:21:16,26
1038,346,Shipping,20,2025-10-26 03:31:16,2025-10-26 04:04:16,33
1039,347,Picking,11,2025-10-24 18:20:45,2025-10-24 18:47:45,27
1040,347,Packing,13,2025-10-24 18:54:45,2025-10-24 19:14:45,20
1041,347,Shipping,4,2025-10-24 19:21:45,2025-10-24 19:33:45,12
1042,348,Picking,2,2025-10-23 18:02:18,2025-10-23 18:40:18,38
1043,348,Packing,10,2025-10-23 18:45:18,2025-10-23 19:22:18,37
1044,348,Shipping,7,2025-10-23 19:36:18,2025-10-23 20:17:18,41
1045,349,Picking,7,2025-10-24 05:34:03,2025-10-24 06:13:03,39
1046,349,Packing,14,2025-10-24 06:21:03,2025-10-24 06:26:03,5
1047,349,Shipping,4,2025-10-24 06:28:03,2025-10-24 06:51:03,23
1048,350,Picking,11,2025-10-23 10:37:56,2025-10-23 10:46:56,9
1049,350,Packing,2,2025-10-23 10:56:56,2025-10-23 11:10:56,14
1050,350,Shipping,3,2025-10-23 11:10:56,2025-10-23 11:49:56,39
1051,351,Picking,13,2025-10-22 15:08:40,2025-10-22 15:17:40,9
1052,351,Packing,15,2025-10-22 15:26:40,2025-10-22 15:45:40,19
1053,351,Shipping,13,2025-10-22 15:53:40,2025-10-22 16:29:40,36
1054,352,Picking,19,2025-10-25 17:23:02,2025-10-25 17:35:02,12
1055,352,Packing,2,2025-10-25 17:43:02,2025-10-25 17:48:02,5
1056,352,Shipping,3,2025-10-25 17:50:02,2025-10-25 18:48:02,58
1057,353,Picking,15,2025-10-22 22:09:54,2025-10-22 22:33:54,24
1058,353,Packing,13,2025-10-22 22:42:54,2025-10-22 22:52:54,10
1059,353,Shipping,13,2025-10-22 23:01:54,2025-10-22 23:59:54,58
1060,354,Picking,18,2025-10-24 22:31:38,2025-10-24 23:10:38,39
1061,354,Packing,10,2025-10-24 23:13:38,2025-10-24 23:26:38,13
1062,354,Shipping,5,2025-10-24 23:38:38,2025-10-25 00:38:38,60
1063,355,Picking,2,2025-10-23 19:51:39,2025-10-23 19:56:39,5
1064,355,Packing,1,2025-10-23 20:04:39,2025-10-23 20:44:39,40
1065,355,Shipping,19,2025-10-23 20:48:39,2025-10-23 21:05:39,17
1066,356,Picking,14,2025-10-22 22:06:05,2025-10-22 22:16:05,10
1067,356,Packing,17,2025-10-22 22:20:05,2025-10-22 22:38:05,18
1068,356,Shipping,5,2025-10-22 22:49:05,2025-10-22 23:12:05,23
1069,357,Picking,19,2025-10-26 04:55:00,2025-10-26 05:16:00,21
1070,357,Packing,2,2025-10-26 05:19:00,2025-10-26 05:31:00,12
1071,357,Shipping,18,2025-10-26 05:36:00,2025-10-26 06:28:00,52
1072,358,Picking,19,2025-10-23 23:12:36,2025-10-23 23:21:36,9
1073,358,Packing,16,2025-10-23 23:25:36,2025-10-23 23:36:36,11
1074,358,Shipping,11,2025-10-23 23:42:36,2025-10-24 00:38:36,56
1075,359,Picking,16,2025-10-21 17:32:35,2025-10-21 17:55:35,23
1076,359,Packing,15,2025-10-21 18:04:35,2025-10-21 18:13:35,9
1077,359,Shipping,11,2025-10-21 18:19:35,2025-10-21 18:49:35,30
1078,360,Picking,6,2025-10-23 09:34:28,2025-10-23 10:15:28,41
1079,360,Packing,1,2025-10-23 10:24:28,2025-10-23 10:52:28,28
1080,360,Shipping,11,2025-10-23 11:02:28,2025-10-23 11:39:28,37
1081,361,Picking,15,2025-10-25 23:49:31,2025-10-26 00:17:31,28
1082,361,Packing,12,2025-10-26 00:19:31,2025-10-26 00:45:31,26
1083,361,Shipping,10,2025-10-26 01:00:31,2025-10-26 01:39:31,39
1084,362,Picking,7,2025-10-24 08:39:07,2025-10-24 09:22:07,43
1085,362,Packing,9,2025-10-24 09:23:07,2025-10-24 09:45:07,22
1086,362,Shipping,3,2025-10-24 09:49:07,2025-10-24 10:33:07,44
1087,363,Picking,18,2025-10-25 18:27:34,2025-10-25 18:33:34,6
1088,363,Packing,9,2025-10-25 18:42:34,2025-10-25 19:12:34,30
1089,363,Shipping,18,2025-10-25 19:18:34,2025-10-25 19:30:34,12
1090,364,Picking,19,2025-10-26 09:56:23,2025-10-26 10:10:23,14
1091,364,Packing,10,2025-10-26 10:15:23,2025-10-26 10:45:23,30
1092,364,Shipping,5,2025-10-26 10:52:23,2025-10-26 11:51:23,59
1093,365,Picking,6,2025-10-23 19:01:26,2025-10-23 19:29:26,28
1094,365,Packing,17,2025-10-23 19:37:26,2025-10-23 19:42:26,5
1095,365,Shipping,5,2025-10-23 19:49:26,2025-10-23 20:38:26,49
1096,366,Picking,2,2025-10-23 20:18:48,2025-10-23 20:59:48,41
1097,366,Packing,8,2025-10-23 21:09:48,2025-10-23 21:23:48,14
1098,366,Shipping,16,2025-10-23 21:38:48,2025-10-23 22:10:48,32
1099,367,Picking,16,2025-10-25 11:58:36,2025-10-25 12:05:36,7
1100,367,Packing,15,2025-10-25 12:15:36,2025-10-25 12:33:36,18
1101,367,Shipping,2,2025-10-25 12:44:36,2025-10-25 13:18:36,34
1102,368,Picking,18,2025-10-26 06:35:14,2025-10-26 07:13:14,38
1103,368,Packing,19,2025-10-26 07:23:14,2025-10-26 07:45:14,22
1104,368,Shipping,6,2025-10-26 07:53:14,2025-10-26 08:40:14,47
1105,369,Picking,17,2025-10-26 11:14:00,2025-10-26 11:23:00,9
1106,369,Packing,13,2025-10-26 11:31:00,2025-10-26 11:52:00,21
1107,369,Shipping,12,2025-10-26 12:04:00,2025-10-26 12:28:00,24
1108,370,Picking,6,2025-10-25 10:52:37,2025-10-25 11:27:37,35
1109,370,Packing,8,2025-10-25 11:36:37,2025-10-25 11:41:37,5
1110,370,Shipping,3,2025-10-25 11:45:37,2025-10-25 12:23:37,38
1111,371,Picking,8,2025-10-22 09:23:18,2025-10-22 09:39:18,16
1112,371,Packing,14,2025-10-22 09:41:18,2025-10-22 10:09:18,28
1113,371,Shipping,11,2025-10-22 10:12:18,2025-10-22 11:04:18,52
1114,372,Picking,8,2025-10-24 11:43:26,2025-10-24 12:01:26,18
1115,372,Packing,2,2025-10-24 12:10:26,2025-10-24 12:25:26,15
1116,372,Shipping,5,2025-10-24 12:38:26,2025-10-24 12:49:26,11
1117,373,Picking,9,2025-10-21 17:08:40,2025-10-21 17:45:40,37
1118,373,Packing,6,2025-10-21 17:45:40,2025-10-21 17:59:40,14
1119,373,Shipping,17,2025-10-21 18:00:40,2025-10-21 18:20:40,20
1120,374,Picking,15,2025-10-22 06:08:21,2025-10-22 06:14:21,6
1121,374,Packing,20,2025-10-22 06:24:21,2025-10-22 06:47:21,23
1122,374,Shipping,16,2025-10-22 06:49:21,2025-10-22 07:12:21,23
1123,375,Picking,17,2025-10-24 13:07:17,2025-10-24 13:38:17,31
1124,375,Packing,9,2025-10-24 13:47:17,2025-10-24 14:01:17,14
1125,375,Shipping,6,2025-10-24 14:06:17,2025-10-24 14:55:17,49
1126,376,Picking,5,2025-10-25 01:40:16,2025-10-25 02:22:16,42
1127,376,Packing,4,2025-10-25 02:23:16,2025-10-25 02:42:16,19
1128,376,Shipping,1,2025-10-25 02:54:16,2025-10-25 03:28:16,34
1129,377,Picking,20,2025-10-23 12:18:12,2025-10-23 12:32:12,14
1130,377,Packing,20,2025-10-23 12:41:12,2025-10-23 12:52:12,11
1131,377,Shipping,2,2025-10-23 12:57:12,2025-10-23 13:37:12,40
1132,378,Picking,18,2025-10-22 02:30:11,2025-10-22 02:42:11,12
1133,378,Packing,1,2025-10-22 02:43:11,2025-10-22 03:18:11,35
1134,378,Shipping,14,2025-10-22 03:22:11,2025-10-22 04:10:11,48
1135,379,Picking,13,2025-10-24 03:56:39,2025-10-24 04:34:39,38
1136,379,Packing,12,2025-10-24 04:40:39,2025-10-24 04:59:39,19
1137,379,Shipping,19,2025-10-24 05:14:39,2025-10-24 06:14:39,60
1138,380,Picking,8,2025-10-22 01:42:29,2025-10-22 02:14:29,32
1139,380,Packing,3,2025-10-22 02:16:29,2025-10-22 02:37:29,21
1140,380,Shipping,10,2025-10-22 02:52:29,2025-10-22 03:51:29,59
1141,381,Picking,1,2025-10-24 15:57:01,2025-10-24 16:14:01,17
1142,381,Packing,13,2025-10-24 16:14:01,2025-10-24 16:19:01,5
1143,381,Shipping,7,2025-10-24 16:22:01,2025-10-24 17:05:01,43
1144,382,Picking,18,2025-10-24 06:00:53,2025-10-24 06:11:53,11
1145,382,Packing,14,2025-10-24 06:13:53,2025-10-24 06:45:53,32
1146,382,Shipping,19,2025-10-24 06:53:53,2025-10-24 07:19:53,26
1147,383,Picking,12,2025-10-21 14:07:18,2025-10-21 14:25:18,18
1148,383,Packing,18,2025-10-21 14:31:18,2025-10-21 15:11:18,40
1149,383,Shipping,18,2025-10-21 15:26:18,2025-10-21 15:47:18,21
1150,384,Picking,6,2025-10-25 20:40:00,2025-10-25 21:10:00,30
1151,384,Packing,4,2025-10-25 21:12:00,2025-10-25 21:24:00,12
1152,384,Shipping,7,2025-10-25 21:31:00,2025-10-25 22:09:00,38
1153,385,Picking,5,2025-10-22 08:43:50,2025-10-22 08:51:50,8
1154,385,Packing,16,2025-10-22 08:53:50,2025-10-22 09:22:50,29
1155,385,Shipping,20,2025-10-22 09:22:50,2025-10-22 09:37:50,15
1156,386,Picking,20,2025-10-23 23:01:38,2025-10-23 23:29:38,28
1157,386,Packing,17,2025-10-23 23:30:38,2025-10-23 23:37:38,7
1158,386,Shipping,10,2025-10-23 23:49:38,2025-10-24 00:24:38,35
1159,387,Picking,7,2025-10-25 11:26:45,2025-10-25 11:42:45,16
1160,387,Packing,17,2025-10-25 11:52:45,2025-10-25 12:28:45,36
1161,387,Shipping,10,2025-10-25 12:42:45,2025-10-25 12:52:45,10
1162,388,Picking,8,2025-10-22 10:07:01,2025-10-22 10:26:01,19
1163,388,Packing,1,2025-10-22 10:35:01,2025-10-22 10:50:01,15
1164,388,Shipping,6,2025-10-22 10:51:01,2025-10-22 11:24:01,33
1165,389,Picking,3,2025-10-21 22:21:03,2025-10-21 22:51:03,30
1166,389,Packing,3,2025-10-21 22:57:03,2025-10-21 23:14:03,17
1167,389,Shipping,18,2025-10-21 23:14:03,2025-10-22 00:11:03,57
1168,390,Picking,13,2025-10-24 07:49:40,2025-10-24 08:16:40,27
1169,390,Packing,19,2025-10-24 08:20:40,2025-10-24 08:39:40,19
1170,390,Shipping,1,2025-10-24 08:45:40,2025-10-24 09:24:40,39
1171,391,Picking,4,2025-10-26 05:00:16,2025-10-26 05:40:16,40
1172,391,Packing,17,2025-10-26 05:41:16,2025-10-26 06:18:16,37
1173,391,Shipping,9,2025-10-26 06:27:16,2025-10-26 06:58:16,31
1174,392,Picking,11,2025-10-23 02:25:00,2025-10-23 02:58:00,33
1175,392,Packing,15,2025-10-23 03:04:00,2025-10-23 03:39:00,35
1176,392,Shipping,15,2025-10-23 03:46:00,2025-10-23 04:44:00,58
1177,393,Picking,8,2025-10-23 12:30:35,2025-10-23 12:51:35,21
1178,393,Packing,11,2025-10-23 12:52:35,2025-10-23 13:21:35,29
1179,393,Shipping,14,2025-10-23 13:28:35,2025-10-23 14:21:35,53
1180,394,Picking,11,2025-10-25 05:51:19,2025-10-25 06:12:19,21
1181,394,Packing,3,2025-10-25 06:15:19,2025-10-25 06:38:19,23
1182,394,Shipping,18,2025-10-25 06:40:19,2025-10-25 07:15:19,35
1183,395,Picking,7,2025-10-25 16:20:08,2025-10-25 16:38:08,18
1184,395,Packing,16,2025-10-25 16:47:08,2025-10-25 17:09:08,22
1185,395,Shipping,7,2025-10-25 17:14:08,2025-10-25 18:11:08,57
1186,396,Picking,4,2025-10-23 21:11:27,2025-10-23 21:30:27,19
1187,396,Packing,4,2025-10-23 21:33:27,2025-10-23 21:53:27,20
1188,396,Shipping,3,2025-10-23 22:04:27,2025-10-23 22:23:27,19
1189,397,Picking,20,2025-10-25 10:22:33,2025-10-25 10:27:33,5
1190,397,Packing,11,2025-10-25 10:35:33,2025-10-25 10:42:33,7
1191,397,Shipping,16,2025-10-25 10:57:33,2025-10-25 11:30:33,33
1192,398,Picking,19,2025-10-21 23:18:00,2025-10-21 23:34:00,16
1193,398,Packing,5,2025-10-21 23:42:00,2025-10-22 00:04:00,22
1194,398,Shipping,2,2025-10-22 00:16:00,2025-10-22 00:40:00,24
1195,399,Picking,6,2025-10-23 11:56:14,2025-10-23 12:35:14,39
1196,399,Packing,15,2025-10-23 12:35:14,2025-10-23 13:12:14,37
1197,399,Shipping,4,2025-10-23 13:23:14,2025-10-23 13:58:14,35
1198,400,Picking,4,2025-10-25 14:01:49,2025-10-25 14:06:49,5
1199,400,Packing,11,2025-10-25 14:06:49,2025-10-25 14:24:49,18
1200,400,Shipping,12,2025-10-25 14:36:49,2025-10-25 15:23:49,47
1201,401,Picking,11,2025-10-24 17:23:03,2025-10-24 17:44:03,21
1202,401,Packing,12,2025-10-24 17:47:03,2025-10-24 18:09:03,22
1203,401,Shipping,6,2025-10-24 18:24:03,2025-10-24 19:13:03,49
1204,402,Picking,6,2025-10-23 19:09:46,2025-10-23 19:37:46,28
1205,402,Packing,19,2025-10-23 19:42:46,2025-10-23 20:12:46,30
1206,402,Shipping,5,2025-10-23 20:20:46,2025-10-23 20:58:46,38
1207,403,Picking,7,2025-10-23 10:04:13,2025-10-23 10:15:13,11
1208,403,Packing,5,2025-10-23 10:19:13,2025-10-23 10:39:13,20
1209,403,Shipping,5,2025-10-23 10:52:13,2025-10-23 11:26:13,34
1210,404,Picking,16,2025-10-25 06:48:15,2025-10-25 07:24:15,36
1211,404,Packing,10,2025-10-25 07:26:15,2025-10-25 08:04:15,38
1212,404,Shipping,9,2025-10-25 08:14:15,2025-10-25 09:14:15,60
1213,405,Picking,16,2025-10-25 20:10:26,2025-10-25 20:21:26,11
1214,405,Packing,4,2025-10-25 20:23:26,2025-10-25 20:31:26,8
1215,405,Shipping,15,2025-10-25 20:37:26,2025-10-25 21:03:26,26
1216,406,Picking,14,2025-10-26 02:03:57,2025-10-26 02:43:57,40
1217,406,Packing,4,2025-10-26 02:51:57,2025-10-26 03:12:57,21
1218,406,Shipping,12,2025-10-26 03:23:57,2025-10-26 03:34:57,11
1219,407,Picking,10,2025-10-24 10:44:57,2025-10-24 11:25:57,41
1220,407,Packing,12,2025-10-24 11:35:57,2025-10-24 12:14:57,39
1221,407,Shipping,11,2025-10-24 12:19:57,2025-10-24 13:18:57,59
1222,408,Picking,5,2025-10-24 18:48:40,2025-10-24 18:58:40,10
1223,408,Packing,6,2025-10-24 19:04:40,2025-10-24 19:27:40,23
1224,408,Shipping,11,2025-10-24 19:41:40,2025-10-24 20:31:40,50
1225,409,Picking,11,2025-10-21 16:43:53,2025-10-21 16:52:53,9
1226,409,Packing,11,2025-10-21 16:53:53,2025-10-21 17:08:53,15
1227,409,Shipping,10,2025-10-21 17:18:53,2025-10-21 17:42:53,24
1228,410,Picking,6,2025-10-25 05:17:38,2025-10-25 05:50:38,33
1229,410,Packing,6,2025-10-25 05:55:38,2025-10-25 06:33:38,38
1230,410,Shipping,1,2025-10-25 06:47:38,2025-10-25 07:23:38,36
1231,411,Picking,4,2025-10-21 22:03:04,2025-10-21 22:13:04,10
1232,411,Packing,3,2025-10-21 22:16:04,2025-10-21 22:31:04,15
1233,411,Shipping,16,2025-10-21 22:43:04,2025-10-21 22:59:04,16
1234,412,Picking,13,2025-10-22 21:49:39,2025-10-22 21:59:39,10
1235,412,Packing,10,2025-10-22 22:00:39,2025-10-22 22:21:39,21
1236,412,Shipping,8,2025-10-22 22:25:39,2025-10-22 22:40:39,15
1237,413,Picking,2,2025-10-25 07:40:22,2025-10-25 07:53:22,13
1238,413,Packing,12,2025-10-25 07:55:22,2025-10-25 08:33:22,38
1239,413,Shipping,11,2025-10-25 08:38:22,2025-10-25 08:49:22,11
1240,414,Picking,18,2025-10-25 15:44:34,2025-10-25 16:06:34,22
1241,414,Packing,6,2025-10-25 16:14:34,2025-10-25 16:47:34,33
1242,414,Shipping,19,2025-10-25 16:51:34,2025-10-25 17:45:34,54
1243,415,Picking,16,2025-10-23 05:23:21,2025-10-23 06:01:21,38
1244,415,Packing,18,2025-10-23 06:11:21,2025-10-23 06:50:21,39
1245,415,Shipping,8,2025-10-23 06:59:21,2025-10-23 07:31:21,32
1246,416,Picking,1,2025-10-22 20:36:00,2025-10-22 21:07:00,31
1247,416,Packing,17,2025-10-22 21:11:00,2025-10-22 21:25:00,14
1248,416,Shipping,5,2025-10-22 21:34:00,2025-10-22 21:44:00,10
1249,417,Picking,14,2025-10-25 23:50:32,2025-10-26 00:26:32,36
1250,417,Packing,10,2025-10-26 00:33:32,2025-10-26 00:57:32,24
1251,417,Shipping,20,2025-10-26 00:57:32,2025-10-26 01:56:32,59
1252,418,Picking,8,2025-10-22 00:37:56,2025-10-22 00:54:56,17
1253,418,Packing,6,2025-10-22 01:00:56,2025-10-22 01:40:56,40
1254,418,Shipping,13,2025-10-22 01:53:56,2025-10-22 02:28:56,35
1255,419,Picking,18,2025-10-24 02:22:18,2025-10-24 02:54:18,32
1256,419,Packing,9,2025-10-24 03:04:18,2025-10-24 03:24:18,20
1257,419,Shipping,14,2025-10-24 03:32:18,2025-10-24 04:00:18,28
1258,420,Picking,20,2025-10-22 01:33:24,2025-10-22 01:56:24,23
1259,420,Packing,16,2025-10-22 01:57:24,2025-10-22 02:31:24,34
1260,420,Shipping,7,2025-10-22 02:45:24,2025-10-22 03:12:24,27
1261,421,Picking,5,2025-10-26 02:23:24,2025-10-26 02:29:24,6
1262,421,Packing,15,2025-10-26 02:31:24,2025-10-26 02:42:24,11
1263,421,Shipping,1,2025-10-26 02:51:24,2025-10-26 03:18:24,27
1264,422,Picking,16,2025-10-25 07:53:58,2025-10-25 08:11:58,18
1265,422,Packing,12,2025-10-25 08:16:58,2025-10-25 08:47:58,31
1266,422,Shipping,15,2025-10-25 08:56:58,2025-10-25 09:56:58,60
1267,423,Picking,18,2025-10-25 17:40:53,2025-10-25 17:54:53,14
1268,423,Packing,16,2025-10-25 17:54:53,2025-10-25 18:16:53,22
1269,423,Shipping,6,2025-10-25 18:28:53,2025-10-25 18:42:53,14
1270,424,Picking,15,2025-10-22 02:36:26,2025-10-22 02:41:26,5
1271,424,Packing,8,2025-10-22 02:42:26,2025-10-22 03:02:26,20
1272,424,Shipping,2,2025-10-22 03:14:26,2025-10-22 04:13:26,59
1273,425,Picking,6,2025-10-24 04:15:07,2025-10-24 04:33:07,18
1274,425,Packing,2,2025-10-24 04:40:07,2025-10-24 05:09:07,29
1275,425,Shipping,18,2025-10-24 05:18:07,2025-10-24 05:48:07,30
1276,426,Picking,7,2025-10-22 11:58:55,2025-10-22 12:22:55,24
1277,426,Packing,4,2025-10-22 12:25:55,2025-10-22 12:53:55,28
1278,426,Shipping,8,2025-10-22 12:54:55,2025-10-22 13:46:55,52
1279,427,Picking,8,2025-10-25 16:19:28,2025-10-25 16:41:28,22
1280,427,Packing,1,2025-10-25 16:50:28,2025-10-25 17:02:28,12
1281,427,Shipping,2,2025-10-25 17:14:28,2025-10-25 18:14:28,60
1282,428,Picking,6,2025-10-23 07:25:58,2025-10-23 08:08:58,43
1283,428,Packing,16,2025-10-23 08:10:58,2025-10-23 08:38:58,28
1284,428,Shipping,3,2025-10-23 08:40:58,2025-10-23 09:05:58,25
1285,429,Picking,16,2025-10-21 15:21:08,2025-10-21 15:48:08,27
1286,429,Packing,8,2025-10-21 15:58:08,2025-10-21 16:12:08,14
1287,429,Shipping,11,2025-10-21 16:15:08,2025-10-21 16:33:08,18
1288,430,Picking,5,2025-10-21 18:38:04,2025-10-21 19:11:04,33
1289,430,Packing,9,2025-10-21 19:14:04,2025-10-21 19:20:04,6
1290,430,Shipping,2,2025-10-21 19:32:04,2025-10-21 20:04:04,32
1291,431,Picking,12,2025-10-23 10:37:37,2025-10-23 11:16:37,39
1292,431,Packing,11,2025-10-23 11:23:37,2025-10-23 11:40:37,17
1293,431,Shipping,15,2025-10-23 11:45:37,2025-10-23 12:29:37,44
1294,432,Picking,9,2025-10-26 07:12:00,2025-10-26 07:21:00,9
1295,432,Packing,18,2025-10-26 07:29:00,2025-10-26 07:43:00,14
1296,432,Shipping,12,2025-10-26 07:57:00,2025-10-26 08:25:00,28
1297,433,Picking,3,2025-10-21 19:39:34,2025-10-21 19:55:34,16
1298,433,Packing,18,2025-10-21 19:55:34,2025-10-21 20:23:34,28
1299,433,Shipping,13,2025-10-21 20:30:34,2025-10-21 21:00:34,30
1300,434,Picking,11,2025-10-23 06:37:41,2025-10-23 07:17:41,40
1301,434,Packing,4,2025-10-23 07:19:41,2025-10-23 07:42:41,23
1302,434,Shipping,4,2025-10-23 07:52:41,2025-10-23 08:28:41,36
1303,435,Picking,16,2025-10-23 16:10:30,2025-10-23 16:23:30,13
1304,435,Packing,7,2025-10-23 16:25:30,2025-10-23 16:32:30,7
1305,435,Shipping,4,2025-10-23 16:38:30,2025-10-23 16:54:30,16
1306,436,Picking,8,2025-10-23 18:22:36,2025-10-23 18:58:36,36
1307,436,Packing,20,2025-10-23 19:06:36,2025-10-23 19:27:36,21
1308,436,Shipping,3,2025-10-23 19:28:36,2025-10-23 20:01:36,33
1309,437,Picking,14,2025-10-24 02:47:35,2025-10-24 02:57:35,10
1310,437,Packing,12,2025-10-24 03:04:35,2025-10-24 03:12:35,8
1311,437,Shipping,2,2025-10-24 03:23:35,2025-10-24 04:08:35,45
1312,438,Picking,4,2025-10-22 08:19:12,2025-10-22 08:28:12,9
1313,438,Packing,4,2025-10-22 08:32:12,2025-10-22 08:41:12,9
1314,438,Shipping,8,2025-10-22 08:47:12,2025-10-22 09:30:12,43
1315,439,Picking,4,2025-10-22 23:12:01,2025-10-22 23:32:01,20
1316,439,Packing,19,2025-10-22 23:41:01,2025-10-22 23:57:01,16
1317,439,Shipping,12,2025-10-23 00:10:01,2025-10-23 01:07:01,57
1318,440,Picking,11,2025-10-24 17:22:36,2025-10-24 17:33:36,11
1319,440,Packing,6,2025-10-24 17:35:36,2025-10-24 17:51:36,16
1320,440,Shipping,18,2025-10-24 18:03:36,2025-10-24 18:45:36,42
1321,441,Picking,14,2025-10-24 00:02:45,2025-10-24 00:27:45,25
1322,441,Packing,11,2025-10-24 00:35:45,2025-10-24 01:00:45,25
1323,441,Shipping,20,2025-10-24 01:11:45,2025-10-24 01:47:45,36
1324,442,Picking,13,2025-10-24 21:54:21,2025-10-24 22:34:21,40
1325,442,Packing,1,2025-10-24 22:38:21,2025-10-24 23:06:21,28
1326,442,Shipping,2,2025-10-24 23:20:21,2025-10-24 23:58:21,38
1327,443,Picking,7,2025-10-25 14:55:51,2025-10-25 15:08:51,13
1328,443,Packing,11,2025-10-25 15:12:51,2025-10-25 15:17:51,5
1329,443,Shipping,1,2025-10-25 15:26:51,2025-10-25 15:50:51,24
1330,444,Picking,2,2025-10-26 07:28:20,2025-10-26 08:08:20,40
1331,444,Packing,15,2025-10-26 08:16:20,2025-10-26 08:56:20,40
1332,444,Shipping,12,2025-10-26 09:00:20,2025-10-26 09:16:20,16
1333,445,Picking,3,2025-10-22 14:14:33,2025-10-22 14:56:33,42
1334,445,Packing,19,2025-10-22 14:59:33,2025-10-22 15:18:33,19
1335,445,Shipping,13,2025-10-22 15:26:33,2025-10-22 15:55:33,29
1336,446,Picking,19,2025-10-22 12:36:32,2025-10-22 13:01:32,25
1337,446,Packing,4,2025-10-22 13:08:32,2025-10-22 13:24:32,16
1338,446,Shipping,20,2025-10-22 13:39:32,2025-10-22 14:33:32,54
1339,447,Picking,14,2025-10-22 12:58:58,2025-10-22 13:08:58,10
1340,447,Packing,4,2025-10-22 13:08:58,2025-10-22 13:34:58,26
1341,447,Shipping,8,2025-10-22 13:45:58,2025-10-22 14:22:58,37
1342,448,Picking,2,2025-10-21 23:15:14,2025-10-22 00:00:14,45
1343,448,Packing,11,2025-10-22 00:06:14,2025-10-22 00:14:14,8
1344,448,Shipping,18,2025-10-22 00:23:14,2025-10-22 01:06:14,43
1345,449,Picking,20,2025-10-25 04:35:01,2025-10-25 04:54:01,19
1346,449,Packing,19,2025-10-25 04:56:01,2025-10-25 05:04:01,8
1347,449,Shipping,17,2025-10-25 05:16:01,2025-10-25 05:54:01,38
1348,450,Picking,16,2025-10-23 19:37:55,2025-10-23 20:07:55,30
1349,450,Packing,19,2025-10-23 20:09:55,2025-10-23 20:22:55,13
1350,450,Shipping,2,2025-10-23 20:32:55,2025-10-23 20:47:55,15
1351,451,Picking,18,2025-10-25 05:45:18,2025-10-25 06:22:18,37
1352,451,Packing,7,2025-10-25 06:28:18,2025-10-25 06:41:18,13
1353,451,Shipping,16,2025-10-25 06:45:18,2025-10-25 07:25:18,40
1354,452,Picking,9,2025-10-25 15:09:31,2025-10-25 15:53:31,44
1355,452,Packing,14,2025-10-25 16:01:31,2025-10-25 16:21:31,20
1356,452,Shipping,11,2025-10-25 16:28:31,2025-10-25 16:42:31,14
1357,453,Picking,11,2025-10-22 22:16:36,2025-10-22 22:47:36,31
1358,453,Packing,12,2025-10-22 22:53:36,2025-10-22 23:21:36,28
1359,453,Shipping,20,2025-10-22 23:32:36,2025-10-22 23:54:36,22
1360,454,Picking,2,2025-10-24 11:43:52,2025-10-24 12:10:52,27
1361,454,Packing,8,2025-10-24 12:19:52,2025-10-24 12:52:52,33
1362,454,Shipping,7,2025-10-24 12:56:52,2025-10-24 13:34:52,38
1363,455,Picking,11,2025-10-25 00:07:54,2025-10-25 00:15:54,8
1364,455,Packing,4,2025-10-25 00:18:54,2025-10-25 00:32:54,14
1365,455,Shipping,10,2025-10-25 00:41:54,2025-10-25 00:51:54,10
1366,456,Picking,16,2025-10-22 08:08:46,2025-10-22 08:47:46,39
1367,456,Packing,20,2025-10-22 08:50:46,2025-10-22 09:08:46,18
1368,456,Shipping,5,2025-10-22 09:16:46,2025-10-22 10:01:46,45
1369,457,Picking,6,2025-10-22 21:18:05,2025-10-22 22:00:05,42
1370,457,Packing,2,2025-10-22 22:10:05,2025-10-22 22:48:05,38
1371,457,Shipping,10,2025-10-22 22:49:05,2025-10-22 23:15:05,26
1372,458,Picking,9,2025-10-24 06:31:47,2025-10-24 06:39:47,8
1373,458,Packing,12,2025-10-24 06:46:47,2025-10-24 06:51:47,5
1374,458,Shipping,4,2025-10-24 06:53:47,2025-10-24 07:27:47,34
1375,459,Picking,20,2025-10-25 08:13:17,2025-10-25 08:42:17,29
1376,459,Packing,18,2025-10-25 08:50:17,2025-10-25 09:01:17,11
1377,459,Shipping,3,2025-10-25 09:11:17,2025-10-25 09:52:17,41
1378,460,Picking,16,2025-10-23 00:39:29,2025-10-23 00:45:29,6
1379,460,Packing,13,2025-10-23 00:45:29,2025-10-23 01:05:29,20
1380,460,Shipping,6,2025-10-23 01:14:29,2025-10-23 01:45:29,31
1381,461,Picking,9,2025-10-24 06:22:59,2025-10-24 07:07:59,45
1382,461,Packing,13,2025-10-24 07:11:59,2025-10-24 07:31:59,20
1383,461,Shipping,1,2025-10-24 07:39:59,2025-10-24 07:52:59,13
1384,462,Picking,13,2025-10-23 00:25:16,2025-10-23 00:51:16,26
1385,462,Packing,17,2025-10-23 00:57:16,2025-10-23 01:10:16,13
1386,462,Shipping,20,2025-10-23 01:12:16,2025-10-23 02:08:16,56
1387,463,Picking,20,2025-10-25 12:38:08,2025-10-25 12:58:08,20
1388,463,Packing,11,2025-10-25 13:07:08,2025-10-25 13:21:08,14
1389,463,Shipping,15,2025-10-25 13:34:08,2025-10-25 14:03:08,29
1390,464,Picking,17,2025-10-21 13:04:18,2025-10-21 13:43:18,39
1391,464,Packing,5,2025-10-21 13:53:18,2025-10-21 14:10:18,17
1392,464,Shipping,14,2025-10-21 14:14:18,2025-10-21 14:43:18,29
1393,465,Picking,18,2025-10-26 08:57:11,2025-10-26 09:38:11,41
1394,465,Packing,4,2025-10-26 09:40:11,2025-10-26 10:05:11,25
1395,465,Shipping,6,2025-10-26 10:07:11,2025-10-26 10:52:11,45
1396,466,Picking,9,2025-10-24 07:38:38,2025-10-24 08:03:38,25
1397,466,Packing,5,2025-10-24 08:09:38,2025-10-24 08:40:38,31
1398,466,Shipping,7,2025-10-24 08:49:38,2025-10-24 09:27:38,38
1399,467,Picking,8,2025-10-23 05:46:33,2025-10-23 06:30:33,44
1400,467,Packing,8,2025-10-23 06:39:33,2025-10-23 07:01:33,22
1401,467,Shipping,1,2025-10-23 07:08:33,2025-10-23 07:56:33,48
1402,468,Picking,13,2025-10-25 13:54:15,2025-10-25 14:31:15,37
1403,468,Packing,16,2025-10-25 14:40:15,2025-10-25 15:15:15,35
1404,468,Shipping,16,2025-10-25 15:26:15,2025-10-25 15:47:15,21
1405,469,Picking,7,2025-10-24 18:43:26,2025-10-24 19:14:26,31
1406,469,Packing,7,2025-10-24 19:14:26,2025-10-24 19:36:26,22
1407,469,Shipping,3,2025-10-24 19:49:26,2025-10-24 20:13:26,24
1408,470,Picking,2,2025-10-22 10:36:36,2025-10-22 11:01:36,25
1409,470,Packing,20,2025-10-22 11:08:36,2025-10-22 11:28:36,20
1410,470,Shipping,13,2025-10-22 11:41:36,2025-10-22 12:16:36,35
1411,471,Picking,4,2025-10-21 22:50:36,2025-10-21 23:31:36,41
1412,471,Packing,15,2025-10-21 23:40:36,2025-10-22 00:19:36,39
1413,471,Shipping,15,2025-10-22 00:20:36,2025-10-22 01:03:36,43
1414,472,Picking,2,2025-10-24 03:58:05,2025-10-24 04:37:05,39
1415,472,Packing,7,2025-10-24 04:43:05,2025-10-24 04:50:05,7
1416,472,Shipping,10,2025-10-24 05:02:05,2025-10-24 05:45:05,43
1417,473,Picking,17,2025-10-23 13:53:47,2025-10-23 14:08:47,15
1418,473,Packing,5,2025-10-23 14:14:47,2025-10-23 14:37:47,23
1419,473,Shipping,15,2025-10-23 14:38:47,2025-10-23 15:32:47,54
1420,474,Picking,14,2025-10-25 01:25:28,2025-10-25 02:02:28,37
1421,474,Packing,11,2025-10-25 02:03:28,2025-10-25 02:19:28,16
1422,474,Shipping,15,2025-10-25 02:23:28,2025-10-25 02:58:28,35
1423,475,Picking,6,2025-10-23 07:36:14,2025-10-23 07:53:14,17
1424,475,Packing,4,2025-10-23 08:00:14,2025-10-23 08:10:14,10
1425,475,Shipping,3,2025-10-23 08:18:14,2025-10-23 08:48:14,30
1426,476,Picking,18,2025-10-25 08:13:19,2025-10-25 08:51:19,38
1427,476,Packing,13,2025-10-25 08:57:19,2025-10-25 09:34:19,37
1428,476,Shipping,2,2025-10-25 09:39:19,2025-10-25 10:13:19,34
1429,477,Picking,2,2025-10-24 01:47:52,2025-10-24 02:01:52,14
1430,477,Packing,14,2025-10-24 02:03:52,2025-10-24 02:17:52,14
1431,477,Shipping,10,2025-10-24 02:22:52,2025-10-24 03:21:52,59
1432,478,Picking,1,2025-10-25 15:55:15,2025-10-25 16:40:15,45
1433,478,Packing,20,2025-10-25 16:42:15,2025-10-25 16:54:15,12
1434,478,Shipping,9,2025-10-25 16:58:15,2025-10-25 17:20:15,22
1435,479,Picking,19,2025-10-23 00:04:35,2025-10-23 00:09:35,5
1436,479,Packing,16,2025-10-23 00:18:35,2025-10-23 00:54:35,36
1437,479,Shipping,15,2025-10-23 01:01:35,2025-10-23 01:24:35,23
1438,480,Picking,18,2025-10-24 06:15:05,2025-10-24 06:20:05,5
1439,480,Packing,7,2025-10-24 06:23:05,2025-10-24 07:03:05,40
1440,480,Shipping,2,2025-10-24 07:11:05,2025-10-24 08:00:05,49
1441,481,Picking,2,2025-10-23 07:07:10,2025-10-23 07:21:10,14
1442,481,Packing,4,2025-10-23 07:21:10,2025-10-23 07:45:10,24
1443,481,Shipping,14,2025-10-23 07:55:10,2025-10-23 08:10:10,15
1444,482,Picking,19,2025-10-22 16:44:59,2025-10-22 17:27:59,43
1445,482,Packing,12,2025-10-22 17:36:59,2025-10-22 18:16:59,40
1446,482,Shipping,2,2025-10-22 18:21:59,2025-10-22 19:00:59,39
1447,483,Picking,16,2025-10-23 19:29:42,2025-10-23 19:58:42,29
1448,483,Packing,5,2025-10-23 19:59:42,2025-10-23 20:31:42,32
1449,483,Shipping,4,2025-10-23 20:33:42,2025-10-23 21:01:42,28
1450,484,Picking,2,2025-10-24 10:00:32,2025-10-24 10:31:32,31
1451,484,Packing,4,2025-10-24 10:39:32,2025-10-24 10:57:32,18
1452,484,Shipping,19,2025-10-24 11:03:32,2025-10-24 11:52:32,49
1453,485,Picking,11,2025-10-22 02:42:09,2025-10-22 03:17:09,35
1454,485,Packing,9,2025-10-22 03:26:09,2025-10-22 03:49:09,23
1455,485,Shipping,17,2025-10-22 04:02:09,2025-10-22 04:50:09,48
1456,486,Picking,6,2025-10-22 22:36:56,2025-10-22 22:49:56,13
1457,486,Packing,20,2025-10-22 22:58:56,2025-10-22 23:34:56,36
1458,486,Shipping,8,2025-10-22 23:49:56,2025-10-23 00:30:56,41
1459,487,Picking,14,2025-10-23 18:44:36,2025-10-23 18:50:36,6
1460,487,Packing,14,2025-10-23 18:57:36,2025-10-23 19:09:36,12
1461,487,Shipping,2,2025-10-23 19:15:36,2025-10-23 20:04:36,49
1462,488,Picking,3,2025-10-24 22:22:44,2025-10-24 23:07:44,45
1463,488,Packing,10,2025-10-24 23:10:44,2025-10-24 23:33:44,23
1464,488,Shipping,10,2025-10-24 23:41:44,2025-10-25 00:41:44,60
1465,489,Picking,7,2025-10-23 15:28:49,2025-10-23 15:54:49,26
1466,489,Packing,11,2025-10-23 15:59:49,2025-10-23 16:29:49,30
1467,489,Shipping,11,2025-10-23 16:29:49,2025-10-23 16:50:49,21
1468,490,Picking,15,2025-10-24 23:38:58,2025-10-24 23:45:58,7
1469,490,Packing,18,2025-10-24 23:55:58,2025-10-25 00:08:58,13
1470,490,Shipping,11,2025-10-25 00:23:58,2025-10-25 00:42:58,19
1471,491,Picking,19,2025-10-23 07:03:34,2025-10-23 07:41:34,38
1472,491,Packing,11,2025-10-23 07:45:34,2025-10-23 08:10:34,25
1473,491,Shipping,12,2025-10-23 08:10:34,2025-10-23 08:33:34,23
1474,492,Picking,20,2025-10-25 17:48:35,2025-10-25 17:54:35,6
1475,492,Packing,13,2025-10-25 17:59:35,2025-10-25 18:28:35,29
1476,492,Shipping,6,2025-10-25 18:33:35,2025-10-25 19:19:35,46
1477,493,Picking,16,2025-10-23 06:49:57,2025-10-23 07:14:57,25
1478,493,Packing,8,2025-10-23 07:14:57,2025-10-23 07:36:57,22
1479,493,Shipping,12,2025-10-23 07:49:57,2025-10-23 08:04:57,15
1480,494,Picking,2,2025-10-21 14:49:54,2025-10-21 15:13:54,24
1481,494,Packing,7,2025-10-21 15:15:54,2025-10-21 15:27:54,12
1482,494,Shipping,3,2025-10-21 15:38:54,2025-10-21 16:38:54,60
1483,495,Picking,17,2025-10-25 11:53:53,2025-10-25 12:30:53,37
1484,495,Packing,10,2025-10-25 12:32:53,2025-10-25 12:49:53,17
1485,495,Shipping,11,2025-10-25 12:59:53,2025-10-25 13:39:53,40
1486,496,Picking,17,2025-10-23 21:26:48,2025-10-23 21:39:48,13
1487,496,Packing,4,2025-10-23 21:42:48,2025-10-23 21:49:48,7
1488,496,Shipping,1,2025-10-23 22:03:48,2025-10-23 22:37:48,34
1489,497,Picking,17,2025-10-23 03:58:38,2025-10-23 04:08:38,10
1490,497,Packing,10,2025-10-23 04:13:38,2025-10-23 04:47:38,34
1491,497,Shipping,1,2025-10-23 04:48:38,2025-10-23 05:04:38,16
1492,498,Picking,11,2025-10-21 12:35:57,2025-10-21 12:52:57,17
1493,498,Packing,15,2025-10-21 12:55:57,2025-10-21 13:18:57,23
1494,498,Shipping,4,2025-10-21 13:26:57,2025-10-21 14:10:57,44
1495,499,Picking,18,2025-10-24 21:37:21,2025-10-24 21:42:21,5
1496,499,Packing,12,2025-10-24 21:51:21,2025-10-24 22:31:21,40
1497,499,Shipping,18,2025-10-24 22:34:21,2025-10-24 22:57:21,23
1498,500,Picking,11,2025-10-25 15:33:48,2025-10-25 15:53:48,20
1499,500,Packing,18,2025-10-25 15:55:48,2025-10-25 16:04:48,9
1500,500,Shipping,15,2025-10-25 16:13:48,2025-10-25 17:02:48,49
